image_id	upstream_split	label_file	num_person	num_helmet	num_vest
ppe_0001_jpg.rf.9508b03e3510a77a76fd74c9fe7441c9	train	labels/rf100_v2_000001.txt	3	3	1
ppe_0002_jpg.rf.f918598dffa5f596fd6fe09a8db7208b	train	labels/rf100_v2_000002.txt	2	2	2
ppe_0003_jpg.rf.3a8e6c142c380ed094fdea05449ed25c	train	labels/rf100_v2_000003.txt	1	1	1
ppe_0005_jpg.rf.4324f7bc923365326b5be6d0922c8ff3	train	labels/rf100_v2_000004.txt	1	1	1
ppe_0007_jpg.rf.9f6161d58cfa51eebe4e5933a1f9833e	train	labels/rf100_v2_000005.txt	1	1	0
ppe_0010_jpg.rf.b140c7b9a124aba7d7d3dde7f5a0ab91	train	labels/rf100_v2_000006.txt	1	1	0
ppe_0011_jpg.rf.e3fe7f6dd93530827c3d1d6fd7d132d1	train	labels/rf100_v2_000007.txt	2	2	0
ppe_0012_jpg.rf.2d2d2459c9fa20da94a846722217c6bd	train	labels/rf100_v2_000008.txt	1	1	1
ppe_0015_jpg.rf.998d6126b64e4094348dd76ad5c74cf9	train	labels/rf100_v2_000009.txt	1	1	0
ppe_0016_jpg.rf.e1ec9b331b486d4b8b0f92af1ec9db1c	train	labels/rf100_v2_000010.txt	7	7	5
ppe_0017_jpg.rf.414e829c7cca18f3fa313e7deb6bc5bd	train	labels/rf100_v2_000011.txt	1	1	1
ppe_0018_jpg.rf.21cafe92f0d5b38f5ac1da18164c6e82	train	labels/rf100_v2_000012.txt	2	2	0
ppe_0019_jpg.rf.9bcc85da030b1da80447efad78e35e29	train	labels/rf100_v2_000013.txt	2	2	0
ppe_0020_jpg.rf.4c688c240a097123603b579c20258f81	train	labels/rf100_v2_000014.txt	1	1	1
ppe_0022_jpg.rf.af27b20bf838721a49ca6e1a654a7945	train	labels/rf100_v2_000015.txt	1	1	0
ppe_0023_jpg.rf.9d635fa1ef3039cf98b05874a9871afd	train	labels/rf100_v2_000016.txt	6	6	5
ppe_0025_jpg.rf.c4daac47608b52a33c93f942f35b719b	train	labels/rf100_v2_000017.txt	4	4	4
ppe_0026_jpg.rf.338ee2d183f0da32495a2879bfc7af55	train	labels/rf100_v2_000018.txt	1	1	1
ppe_0027_jpg.rf.f00d865b886638e65d22e96579ea5551	train	labels/rf100_v2_000019.txt	3	3	3
ppe_0028_jpg.rf.e6d2d554e843b070013d5a6faeaefc63	train	labels/rf100_v2_000020.txt	2	2	0
ppe_0029_jpg.rf.82c2e47f47d81b61f6f5665f4d20c347	train	labels/rf100_v2_000021.txt	1	1	1
ppe_0030_jpg.rf.9981884b148ffbfd982f2ad6dc13ed69	train	labels/rf100_v2_000022.txt	1	1	0
ppe_0031_jpg.rf.919d2f81449ce8119aea410409421bef	train	labels/rf100_v2_000023.txt	1	1	1
ppe_0033_jpg.rf.aa804ba8d4e735d5d7464cf310b7f7f2	train	labels/rf100_v2_000024.txt	5	5	4
ppe_0034_jpg.rf.4af17b6abaafa130030fdb3999441303	train	labels/rf100_v2_000025.txt	9	9	9
ppe_0035_jpg.rf.d1f7381490413ae8f4c6bc7e82269731	train	labels/rf100_v2_000026.txt	2	1	1
ppe_0037_jpg.rf.d20a96d575260d228855b417afd383d3	train	labels/rf100_v2_000027.txt	5	2	2
ppe_0039_jpg.rf.506b4b071e107fb4ebbbeb8866681287	train	labels/rf100_v2_000028.txt	1	1	0
ppe_0040_jpg.rf.2e8b51bf9c330fc30af598bb44845221	train	labels/rf100_v2_000029.txt	1	1	0
ppe_0041_jpg.rf.cc41f41f16c1f0e48f1a9127b71d637d	train	labels/rf100_v2_000030.txt	3	0	0
ppe_0044_jpg.rf.1bc8927eda6559e366174a7328e72c69	train	labels/rf100_v2_000031.txt	2	2	1
ppe_0045_jpg.rf.319fa83fcf057d6d7acb87b2ff595276	train	labels/rf100_v2_000032.txt	2	2	0
ppe_0046_jpg.rf.0388d8102c520a591e1124323eadaf6b	train	labels/rf100_v2_000033.txt	1	1	0
ppe_0047_jpg.rf.2b70c01bc4e188941996e8770543dbbe	train	labels/rf100_v2_000034.txt	1	1	0
ppe_0048_jpg.rf.8c96499598e730484a564b4751ade4ed	train	labels/rf100_v2_000035.txt	8	9	9
ppe_0049_jpg.rf.f7f867ee9d3062401785d526fad26958	train	labels/rf100_v2_000036.txt	2	2	2
ppe_0050_jpg.rf.96ce5404b83a96c3e64e03802105491a	train	labels/rf100_v2_000037.txt	1	1	1
ppe_0051_jpg.rf.75ebff13e6ad7387f712192ef4d87f7a	train	labels/rf100_v2_000038.txt	1	1	1
ppe_0052_jpg.rf.4e2c526a4483c257492a46b6e99eba59	train	labels/rf100_v2_000039.txt	2	2	2
ppe_0053_jpg.rf.0df457e1449bdc99d7d79b8ed4f58de3	train	labels/rf100_v2_000040.txt	1	1	1
ppe_0054_jpg.rf.0452464f9b688195cf4e230af80df9d1	train	labels/rf100_v2_000041.txt	1	1	0
ppe_0055_jpg.rf.055195d79a1dd5aa8e902bdc7011c193	train	labels/rf100_v2_000042.txt	1	1	0
ppe_0057_jpg.rf.7c89bf9f3e58700ce12a87dd1a53096e	train	labels/rf100_v2_000043.txt	3	3	3
ppe_0059_jpg.rf.4443c45b73c51f59d16e9a4f05b22f2f	train	labels/rf100_v2_000044.txt	2	2	0
ppe_0060_jpg.rf.d4f4f625cf44bf755297faa7878c7f5d	train	labels/rf100_v2_000045.txt	1	1	0
ppe_0061_jpg.rf.53f6bb37685a6737143456810d168cae	train	labels/rf100_v2_000046.txt	1	1	0
ppe_0063_jpg.rf.3d814107f7a5dd649b1205880eae0ad7	train	labels/rf100_v2_000047.txt	3	2	3
ppe_0064_jpg.rf.19ae591c338dfc2d6d4369bf26edf06d	train	labels/rf100_v2_000048.txt	1	1	1
ppe_0065_jpg.rf.c6b7e3e0fda08e62df1e59ce9ca3ab53	train	labels/rf100_v2_000049.txt	1	1	0
ppe_0066_jpg.rf.8010d5f2391db3be9d08d70d4b470dc9	train	labels/rf100_v2_000050.txt	4	3	4
ppe_0067_jpg.rf.4c05f30a3e02833451675882223239cf	train	labels/rf100_v2_000051.txt	1	1	0
ppe_0068_jpg.rf.c18bb1f00766fb368950436778d6e102	train	labels/rf100_v2_000052.txt	3	3	3
ppe_0070_jpg.rf.432f99ab20003f1fd68f63d55bc3e674	train	labels/rf100_v2_000053.txt	1	1	1
ppe_0071_jpg.rf.b17920c080d6e3e36e9e383d0a4b1918	train	labels/rf100_v2_000054.txt	1	1	0
ppe_0074_jpg.rf.c1f8257e71cd7e19f5d865796f54fb97	train	labels/rf100_v2_000055.txt	3	3	0
ppe_0075_jpg.rf.27dcaaeb0734b24a00ea73d2e9dc7c97	train	labels/rf100_v2_000056.txt	1	1	1
ppe_0076_jpg.rf.6acb880aeccccbf09cc291c6f3cba677	train	labels/rf100_v2_000057.txt	4	4	4
ppe_0077_jpg.rf.be0bc7b34b8f03928205d317e47429cd	train	labels/rf100_v2_000058.txt	1	1	0
ppe_0080_jpg.rf.dec81bfeb4877d31fd806239fde26f04	train	labels/rf100_v2_000059.txt	2	2	1
ppe_0081_jpg.rf.284aad3321c0c70175446ba9c5b16657	train	labels/rf100_v2_000060.txt	1	1	1
ppe_0083_jpg.rf.90be02c438e2d42ccbbe440c6a01ae43	train	labels/rf100_v2_000061.txt	1	1	1
ppe_0085_jpg.rf.fd56923e54e577ffd32e9119e94c85d4	train	labels/rf100_v2_000062.txt	2	0	0
ppe_0086_jpg.rf.67c66362efee76c9b5bef813d282f9ca	train	labels/rf100_v2_000063.txt	3	3	3
ppe_0088_jpg.rf.6e8580470f94b8980fb05c88f29c8f5e	train	labels/rf100_v2_000064.txt	1	1	1
ppe_0091_jpg.rf.109a07f951366869b3c4a42360d8e599	train	labels/rf100_v2_000065.txt	1	1	0
ppe_0092_jpg.rf.0a0aa29447fe037a361a6360c772bc0a	train	labels/rf100_v2_000066.txt	1	1	0
ppe_0093_jpg.rf.1a53c61cfc303c9fad2d235456a62a81	train	labels/rf100_v2_000067.txt	1	1	0
ppe_0095_jpg.rf.26f3fc5ac1d79842247e4688243513ab	train	labels/rf100_v2_000068.txt	1	1	1
ppe_0096_jpg.rf.e36a0ed11050585a831ec36fc697dbf3	train	labels/rf100_v2_000069.txt	1	1	0
ppe_0098_jpg.rf.8640e3379a63b53d9df0d5c11b009921	train	labels/rf100_v2_000070.txt	2	2	2
ppe_0099_jpg.rf.351844d1c8102588616d99a7a281f9f6	train	labels/rf100_v2_000071.txt	1	1	1
ppe_0100_jpg.rf.563213e93976baa36684c19fe3ebf559	train	labels/rf100_v2_000072.txt	7	6	5
ppe_0103_jpg.rf.9572393de727c4134fc3a588e469837a	train	labels/rf100_v2_000073.txt	2	2	0
ppe_0105_jpg.rf.449b9e94afaca7cec771b107fae91e15	train	labels/rf100_v2_000074.txt	3	6	1
ppe_0107_jpg.rf.a2bb8a06caa43555220b3bd8dabc5997	train	labels/rf100_v2_000075.txt	1	1	0
ppe_0108_jpg.rf.98a6136e18952ecbd38a67075841a3da	train	labels/rf100_v2_000076.txt	1	1	1
ppe_0109_jpg.rf.935e38cd069901f4b6a637c36e0600ec	train	labels/rf100_v2_000077.txt	3	3	0
ppe_0110_jpg.rf.db495548067171842116cf1866317b0b	train	labels/rf100_v2_000078.txt	1	1	0
ppe_0111_jpg.rf.4b07f18282e508a99c3c48f618f12aa0	train	labels/rf100_v2_000079.txt	4	0	0
ppe_0112_jpg.rf.5d0d495c5b6938e762845d060502e1ed	train	labels/rf100_v2_000080.txt	1	1	0
ppe_0113_jpg.rf.7c6c9d2bd3bcd1e0260489ad2c5b3308	train	labels/rf100_v2_000081.txt	1	1	0
ppe_0114_jpg.rf.de2f4d813d8dab4e16746890b45c872c	train	labels/rf100_v2_000082.txt	1	1	1
ppe_0115_jpg.rf.9d7fed0793f7d94b97e5f28d3396ca8e	train	labels/rf100_v2_000083.txt	1	1	1
ppe_0116_jpg.rf.5895020ff4137d8190ed1b5fcb04ca1e	train	labels/rf100_v2_000084.txt	1	1	1
ppe_0117_jpg.rf.b4cfcecae02e25795f85a4d143274583	train	labels/rf100_v2_000085.txt	4	4	0
ppe_0118_jpg.rf.bff68c4111fbfd71077d531328cc3477	train	labels/rf100_v2_000086.txt	1	1	1
ppe_0121_jpg.rf.059833e695e787beb35e6c65ed3a508f	train	labels/rf100_v2_000087.txt	1	1	1
ppe_0123_jpg.rf.5d061be7ef0cfe23cff8e691def41a86	train	labels/rf100_v2_000088.txt	1	1	0
ppe_0124_jpg.rf.a36c9e6afeed1fca0a2613834bc5dead	train	labels/rf100_v2_000089.txt	2	2	0
ppe_0125_jpg.rf.b143a8aac09cafb767922e64ec64801c	train	labels/rf100_v2_000090.txt	1	1	0
ppe_0127_jpg.rf.cad6b7e9ea2419271008d42a15984368	train	labels/rf100_v2_000091.txt	1	1	0
ppe_0128_jpg.rf.ef752667360906f0304ca0d5548dc9ce	train	labels/rf100_v2_000092.txt	4	4	0
ppe_0130_jpg.rf.1e958d8ad6d8f22c9873f2e1fe3d58af	train	labels/rf100_v2_000093.txt	4	3	0
ppe_0131_jpg.rf.a30f3407743547b2e5fae2291dbaad64	train	labels/rf100_v2_000094.txt	11	12	1
ppe_0134_jpg.rf.c1bb449db483071e49b6cddadf46cda0	train	labels/rf100_v2_000095.txt	1	1	0
ppe_0135_jpg.rf.10fd6ba2e6fe0738e1c816c722ffa1dd	train	labels/rf100_v2_000096.txt	4	4	4
ppe_0136_jpg.rf.3fc0bedd93df9438f92d3c5625e05a40	train	labels/rf100_v2_000097.txt	1	1	0
ppe_0137_jpg.rf.8eeb8d75319324b2c37d774819cd61ab	train	labels/rf100_v2_000098.txt	1	1	1
ppe_0138_jpg.rf.363238730e1e0c3fdbfa12798a60d815	train	labels/rf100_v2_000099.txt	1	1	1
ppe_0140_jpg.rf.df038e835cedd24695ed18e5bcccf6d4	train	labels/rf100_v2_000100.txt	1	1	1
ppe_0141_jpg.rf.e3cd284e46b3d584b95adf227bfda474	train	labels/rf100_v2_000101.txt	1	1	0
ppe_0143_jpg.rf.a0ff7c611a5ba9a4c07ed24fe15d8de7	train	labels/rf100_v2_000102.txt	1	1	1
ppe_0144_jpg.rf.f48717cf302ac2188633487fc34b227c	train	labels/rf100_v2_000103.txt	1	1	0
ppe_0146_jpg.rf.dbf71077befd49ca7e5d10309c884858	train	labels/rf100_v2_000104.txt	2	1	1
ppe_0148_jpg.rf.f5f440f1dd402a7ae1951e4856fad632	train	labels/rf100_v2_000105.txt	11	11	6
ppe_0149_jpg.rf.4e8aaa7318dd29714e01029a0c226d9c	train	labels/rf100_v2_000106.txt	6	7	6
ppe_0150_jpg.rf.86c3ac6458011fb68d7ef90b846a74af	train	labels/rf100_v2_000107.txt	4	4	4
ppe_0151_jpg.rf.5a4756ba26f59a1f22fe52e4793bcfa0	train	labels/rf100_v2_000108.txt	1	1	0
ppe_0152_jpg.rf.a7b00167c57afeef152d6718ddc3c9d2	train	labels/rf100_v2_000109.txt	1	1	0
ppe_0153_jpg.rf.b1df7cc65a59f2560b10274456d60e40	train	labels/rf100_v2_000110.txt	2	2	2
ppe_0154_jpg.rf.53e1191ad8a059f2efc30b6994104829	train	labels/rf100_v2_000111.txt	3	3	3
ppe_0155_jpg.rf.f789ad153b16bcbdee2af23a1129878a	train	labels/rf100_v2_000112.txt	2	2	2
ppe_0157_jpg.rf.b3b238ee4daa3cb485fbf6afe90ab787	train	labels/rf100_v2_000113.txt	1	2	1
ppe_0159_jpg.rf.bcfb4c697c9789fdac57f602c8280d9d	train	labels/rf100_v2_000114.txt	2	1	1
ppe_0160_jpg.rf.22c02d645292d2e161deb685408d754b	train	labels/rf100_v2_000115.txt	1	1	1
ppe_0161_jpg.rf.8617c5bccfe83051e2a3b92cf8a3df25	train	labels/rf100_v2_000116.txt	5	5	0
ppe_0163_jpg.rf.b29f291098face170e4fd9b22184e247	train	labels/rf100_v2_000117.txt	1	1	0
ppe_0165_jpg.rf.8e7c1a0af33054428a10654c3aa91430	train	labels/rf100_v2_000118.txt	1	1	1
ppe_0168_jpg.rf.7477e8d2c1529c8f608e321c7498041c	train	labels/rf100_v2_000119.txt	2	2	1
ppe_0169_jpg.rf.914af56c343e7afaca0f492d7bdb8bd5	train	labels/rf100_v2_000120.txt	0	1	0
ppe_0172_jpg.rf.f17060c6fee5700cb42a1ff21652b15e	train	labels/rf100_v2_000121.txt	3	3	3
ppe_0173_jpg.rf.132fecb7d02eec47fb6f236dee5bbca6	train	labels/rf100_v2_000122.txt	1	1	0
ppe_0174_jpg.rf.8361157e117bd6d7342934665c5dec78	train	labels/rf100_v2_000123.txt	1	1	1
ppe_0176_jpg.rf.fcfd2d24ed461d12d38eb6e9a4e38fbb	train	labels/rf100_v2_000124.txt	3	3	3
ppe_0177_jpg.rf.d804cbc8a6778e8558020805d837b00b	train	labels/rf100_v2_000125.txt	1	1	0
ppe_0178_jpg.rf.79ba5130178489ddad3d17b5b6b72900	train	labels/rf100_v2_000126.txt	2	2	2
ppe_0179_jpg.rf.7922b2fe4a32cdb506dc6fef29630e6a	train	labels/rf100_v2_000127.txt	1	1	1
ppe_0180_jpg.rf.c06e5fb615af18b58b1d39493fdeae94	train	labels/rf100_v2_000128.txt	1	1	0
ppe_0181_jpg.rf.d7f14e7873d319523a886e23e6bb660d	train	labels/rf100_v2_000129.txt	1	1	1
ppe_0183_jpg.rf.064a1d5ba0c5ff6ec53f88076adc4b20	train	labels/rf100_v2_000130.txt	7	7	7
ppe_0185_jpg.rf.31bf0c88435dbc7b7b5f72da1c8b8dd2	train	labels/rf100_v2_000131.txt	4	4	4
ppe_0187_jpg.rf.6f1308f5dac0331ce8296dba804475a5	train	labels/rf100_v2_000132.txt	7	7	7
ppe_0188_jpg.rf.55e3016d451dd25e304056c6515cfa74	train	labels/rf100_v2_000133.txt	1	1	1
ppe_0189_jpg.rf.81046ebc0e4a9f3c887a19913da0b999	train	labels/rf100_v2_000134.txt	1	1	0
ppe_0191_jpg.rf.26a4754b1e9db7e8daa9df80a59f5ee8	train	labels/rf100_v2_000135.txt	3	2	3
ppe_0192_jpg.rf.f25a5fbb446ff2c6735f646582ca670e	train	labels/rf100_v2_000136.txt	1	1	1
ppe_0194_jpg.rf.1bca754b03d2c9ddaa68b5c04ca8b524	train	labels/rf100_v2_000137.txt	3	3	3
ppe_0195_jpg.rf.28ff5396ed1c57f9b4fc6442a51c356a	train	labels/rf100_v2_000138.txt	1	1	0
ppe_0196_jpg.rf.45bf74c30838b0cb590916aadc0adaf3	train	labels/rf100_v2_000139.txt	7	8	0
ppe_0198_jpg.rf.a2d6540edc5880f127054e382d92768a	train	labels/rf100_v2_000140.txt	3	3	3
ppe_0200_jpg.rf.c0d119a7ca2e0ae1f92e52035105d930	train	labels/rf100_v2_000141.txt	2	2	2
ppe_0201_jpg.rf.5b59f21c7f8d44b88973606f10d364e9	train	labels/rf100_v2_000142.txt	1	1	0
ppe_0202_jpg.rf.bcfe7d22d7b1fdc933a3597862ad1f59	train	labels/rf100_v2_000143.txt	3	3	0
ppe_0203_jpg.rf.73bc2eb7ad2108720d44d6dcfe957722	train	labels/rf100_v2_000144.txt	1	1	1
ppe_0205_jpg.rf.ae86bf4ddc5cd8facd72d59e316bbace	train	labels/rf100_v2_000145.txt	1	1	1
ppe_0206_jpg.rf.884960cb79755d6cc93bf5d8246ef13a	train	labels/rf100_v2_000146.txt	10	9	7
ppe_0207_jpg.rf.a86ce5a5a169c9a23b7fd4fe068c4537	train	labels/rf100_v2_000147.txt	1	1	1
ppe_0208_jpg.rf.46dc23f0edec1b46e42fca64437d28cf	train	labels/rf100_v2_000148.txt	1	1	0
ppe_0209_jpg.rf.4defb4ffe732865f816f27a6f990ba54	train	labels/rf100_v2_000149.txt	4	4	4
ppe_0212_jpg.rf.20cda4c72f95535a9158122b948aeea7	train	labels/rf100_v2_000150.txt	1	1	0
ppe_0213_jpg.rf.03143a45676cbf26b23a12b23a628bb5	train	labels/rf100_v2_000151.txt	2	2	2
ppe_0215_jpg.rf.76fa00de960f36db4e51053f90c8584e	train	labels/rf100_v2_000152.txt	1	1	1
ppe_0217_jpg.rf.9b5be110c19838a32749d0f4f41de651	train	labels/rf100_v2_000153.txt	1	1	0
ppe_0219_jpg.rf.d9fdf29f92994c57ad7f8b9a67e6f1e0	train	labels/rf100_v2_000154.txt	1	1	1
ppe_0221_jpg.rf.05562ca43b26da263137c7b87bf328aa	train	labels/rf100_v2_000155.txt	1	1	0
ppe_0223_jpg.rf.e4e05c390e1984106bb00eb59f304635	train	labels/rf100_v2_000156.txt	6	7	5
ppe_0225_jpg.rf.dec4ba8048e5e5eea6d0942e7d6cc1dc	train	labels/rf100_v2_000157.txt	1	1	0
ppe_0226_jpg.rf.7c86843fe1cfa80f15c56d4654a98827	train	labels/rf100_v2_000158.txt	2	1	1
ppe_0228_jpg.rf.0e8377d520039dded830bb8af3cee211	train	labels/rf100_v2_000159.txt	3	3	3
ppe_0229_jpg.rf.1c237a1dc282a29edc961074afa532e0	train	labels/rf100_v2_000160.txt	6	3	5
ppe_0230_jpg.rf.a7f1e4d8fc0adec37f81d8f961aad372	train	labels/rf100_v2_000161.txt	1	1	0
ppe_0232_jpg.rf.02af81a3be3532100bd7d2f2978c728a	train	labels/rf100_v2_000162.txt	2	2	0
ppe_0234_jpg.rf.b7dc05566093ff9d1163f762edbe063c	train	labels/rf100_v2_000163.txt	2	2	0
ppe_0236_jpg.rf.42272e07ec23b4cc761196deafa265b0	train	labels/rf100_v2_000164.txt	1	1	0
ppe_0238_jpg.rf.0a5efaa1a00988b2311047a38f5513a3	train	labels/rf100_v2_000165.txt	1	1	1
ppe_0239_jpg.rf.1041703971deadb39cdd5e4135da9b13	train	labels/rf100_v2_000166.txt	6	6	0
ppe_0240_jpg.rf.773b88ca8b30a9201241cfa5368184fe	train	labels/rf100_v2_000167.txt	1	1	1
ppe_0241_jpg.rf.4638e79283a15e5a1c444e62658a242b	train	labels/rf100_v2_000168.txt	2	2	2
ppe_0243_jpg.rf.41301aff896d89e0c6a280bf75bdbcb7	train	labels/rf100_v2_000169.txt	2	2	0
ppe_0244_jpg.rf.65c1ce1668a2b8bb26d1fc1f5a100470	train	labels/rf100_v2_000170.txt	2	2	1
ppe_0245_jpg.rf.c9728420cf4dc19a284ba6f79782196e	train	labels/rf100_v2_000171.txt	3	2	0
ppe_0247_jpg.rf.5c34c76502c79fdd9e65880a7cd1d995	train	labels/rf100_v2_000172.txt	0	4	0
ppe_0248_jpg.rf.60edeb9789ac95f1097ec8c549b7e689	train	labels/rf100_v2_000173.txt	6	1	6
ppe_0249_jpg.rf.e87ff2c5ae64e7d90d3691f5c5ce2975	train	labels/rf100_v2_000174.txt	1	1	0
ppe_0250_jpg.rf.348d493439464194875763beb27f197b	train	labels/rf100_v2_000175.txt	1	1	0
ppe_0252_jpg.rf.f7fd7038b061603363799274a111452c	train	labels/rf100_v2_000176.txt	1	1	1
ppe_0253_jpg.rf.66c7763ff3f1461a7a644875d23d8a2f	train	labels/rf100_v2_000177.txt	1	1	0
ppe_0255_jpg.rf.d4754f9926644a0e4aed6d00943c835b	train	labels/rf100_v2_000178.txt	1	1	1
ppe_0257_jpg.rf.be707aea464e7a9474cb449639ab50b7	train	labels/rf100_v2_000179.txt	1	1	1
ppe_0259_jpg.rf.6bf20054bdc02c53678883ab3352b262	train	labels/rf100_v2_000180.txt	3	3	1
ppe_0262_jpg.rf.6215e6c0c90e2930bf55ea78f697bf2f	train	labels/rf100_v2_000181.txt	1	1	1
ppe_0263_jpg.rf.a206868ff6458f8145501539d66388a1	train	labels/rf100_v2_000182.txt	1	1	0
ppe_0264_jpg.rf.9a234a3a073693cdf1add38cc5aa6b45	train	labels/rf100_v2_000183.txt	2	2	1
ppe_0266_jpg.rf.0d18f9aefc6b98a9308a536597ac38e0	train	labels/rf100_v2_000184.txt	1	1	0
ppe_0267_jpg.rf.6eed174a722cb6f0e97ab30b6a0fd52e	train	labels/rf100_v2_000185.txt	2	2	0
ppe_0268_jpg.rf.d73e8ef2bc5c279e72c128e644b07775	train	labels/rf100_v2_000186.txt	2	2	2
ppe_0269_jpg.rf.7db667b7309967e41bcf1da795d3f1b7	train	labels/rf100_v2_000187.txt	1	1	1
ppe_0270_jpg.rf.02e23d02100423095e626c04defd3387	train	labels/rf100_v2_000188.txt	3	2	1
ppe_0271_jpg.rf.63dd188327d109f74b6d440a9b027906	train	labels/rf100_v2_000189.txt	3	3	3
ppe_0272_jpg.rf.27d0d4e5eb18a9d7c8127c6c9f4283f0	train	labels/rf100_v2_000190.txt	2	0	0
ppe_0273_jpg.rf.0d7a3dfd370234154f637d4d05ff17d3	train	labels/rf100_v2_000191.txt	1	1	0
ppe_0274_jpg.rf.5d87eceb4390e2f71358b276c51338da	train	labels/rf100_v2_000192.txt	1	1	0
ppe_0275_jpg.rf.fd2c9727925808c102c8172b31dc8ea2	train	labels/rf100_v2_000193.txt	1	1	0
ppe_0276_jpg.rf.341221b72ba50edd53efdc335bb74c92	train	labels/rf100_v2_000194.txt	1	1	0
ppe_0277_jpg.rf.1cb7865948524e9e24b409e99f52fe2c	train	labels/rf100_v2_000195.txt	1	1	0
ppe_0278_jpg.rf.9a7c6d9c75563aed2cda38beb221d5d7	train	labels/rf100_v2_000196.txt	1	1	1
ppe_0280_jpg.rf.564a7f674fe81945ff4af82bb6d797db	train	labels/rf100_v2_000197.txt	4	4	0
ppe_0283_jpg.rf.7159d271e99ab30dc4c36f1929af3283	train	labels/rf100_v2_000198.txt	1	1	1
ppe_0285_jpg.rf.e040aee1cc392b6626cdd102bf766846	train	labels/rf100_v2_000199.txt	1	1	0
ppe_0288_jpg.rf.072c1109bb57bf29463d1a1e0fd949a2	train	labels/rf100_v2_000200.txt	1	1	1
ppe_0290_jpg.rf.238ac985575f69fa12a807d4059b0683	train	labels/rf100_v2_000201.txt	1	1	0
ppe_0292_jpg.rf.98cffd8a354455bb7ecf0518b931bca4	train	labels/rf100_v2_000202.txt	6	0	6
ppe_0293_jpg.rf.d8d642a2cca006a6f29cbbce67081fdb	train	labels/rf100_v2_000203.txt	1	1	0
ppe_0294_jpg.rf.6a0023f6da1a17e69ab4a208c81946ee	train	labels/rf100_v2_000204.txt	1	1	0
ppe_0295_jpg.rf.2cd96308af43931aaf01da46fde69e17	train	labels/rf100_v2_000205.txt	1	1	0
ppe_0297_jpg.rf.8795b2ee71e23cb03d8a3b54e0a66087	train	labels/rf100_v2_000206.txt	1	1	1
ppe_0299_jpg.rf.c2082fe281d85e86301079321c3f18d5	train	labels/rf100_v2_000207.txt	2	2	2
ppe_0301_jpg.rf.6c1e6cefee267246a7286398f12138c5	train	labels/rf100_v2_000208.txt	2	2	2
ppe_0302_jpg.rf.bd56df16cdf746687bcdee83e2c3a3d3	train	labels/rf100_v2_000209.txt	2	2	2
ppe_0304_jpg.rf.1e5186f1c7d32ce2de78e3506c35684a	train	labels/rf100_v2_000210.txt	1	1	0
ppe_0307_jpg.rf.a951b923b5b94766d65b1b84a52bb30f	train	labels/rf100_v2_000211.txt	1	1	1
ppe_0308_jpg.rf.67d4129ea75788c26ab9ce8db1d64eda	train	labels/rf100_v2_000212.txt	2	2	1
ppe_0310_jpg.rf.a2b9961e82b735f9b022f65351eb7407	train	labels/rf100_v2_000213.txt	1	1	1
ppe_0311_jpg.rf.ad3b7504ff6f77dcba441433f8e378bf	train	labels/rf100_v2_000214.txt	1	1	1
ppe_0313_jpg.rf.2ee3a2d534f9b4dfc4e093904f6a1fd5	train	labels/rf100_v2_000215.txt	2	2	0
ppe_0314_jpg.rf.b52f6832938861c0c5d622f079860183	train	labels/rf100_v2_000216.txt	1	1	1
ppe_0315_jpg.rf.84fdf422c6e4ce6c0fe7c183d7f72f30	train	labels/rf100_v2_000217.txt	2	2	2
ppe_0316_jpg.rf.bf3e42a0c0ecc688702fd472ff010f67	train	labels/rf100_v2_000218.txt	3	2	3
ppe_0317_jpg.rf.4573a74d582c28a8ebdda487ad954406	train	labels/rf100_v2_000219.txt	1	1	0
ppe_0318_jpg.rf.81af8e9d2d0a5da30fd2668d07a9b104	train	labels/rf100_v2_000220.txt	1	1	1
ppe_0320_jpg.rf.b78a90e120343e34a9049d8d94aa99ec	train	labels/rf100_v2_000221.txt	1	1	0
ppe_0321_jpg.rf.d079adfd19c04ec1bdae38828d30ebeb	train	labels/rf100_v2_000222.txt	1	1	1
ppe_0325_jpg.rf.fdb0c9b294669f2417d45de16f1558f8	train	labels/rf100_v2_000223.txt	6	5	0
ppe_0326_jpg.rf.167d8b76b04a78c21427a5dd97b2d5cb	train	labels/rf100_v2_000224.txt	1	1	1
ppe_0329_jpg.rf.3e021ef7cd2f04abcdea6ca88813dbe3	train	labels/rf100_v2_000225.txt	2	2	0
ppe_0330_jpg.rf.6134d7f141360fe319154fe57de38f30	train	labels/rf100_v2_000226.txt	2	2	2
ppe_0331_jpg.rf.bab23664ed9ea51ab5d749edbc9b6fad	train	labels/rf100_v2_000227.txt	1	1	0
ppe_0333_jpg.rf.36a3c0a101a60db9f4fa5701e33e5f15	train	labels/rf100_v2_000228.txt	1	1	1
ppe_0335_jpg.rf.2c8b4325c61a5885c016d06e0655ad3b	train	labels/rf100_v2_000229.txt	1	1	0
ppe_0336_jpg.rf.3299fedbc7c5792831047cffe2156bc2	train	labels/rf100_v2_000230.txt	1	1	1
ppe_0339_jpg.rf.9a299d6a0e100b8bbe05c17f1e7db76b	train	labels/rf100_v2_000231.txt	3	3	3
ppe_0340_jpg.rf.b76db953975c93715cc3aa3b31d8f723	train	labels/rf100_v2_000232.txt	4	4	3
ppe_0341_jpg.rf.d237e0493afe213a86187ee83b2a2a39	train	labels/rf100_v2_000233.txt	1	1	0
ppe_0343_jpg.rf.db45cb7b148bac62faedaf448430ffd9	train	labels/rf100_v2_000234.txt	1	1	1
ppe_0344_jpg.rf.b941553efe51860d2b2a2b6a310ce0ef	train	labels/rf100_v2_000235.txt	2	3	3
ppe_0346_jpg.rf.3e5d8955889b69fcc5f5dc90758be5ba	train	labels/rf100_v2_000236.txt	2	2	0
ppe_0348_jpg.rf.ab80bc3f4a7682139014f077d25ec3e3	train	labels/rf100_v2_000237.txt	4	4	4
ppe_0349_jpg.rf.5a3643c1b8564b1933e285685bbd9ce8	train	labels/rf100_v2_000238.txt	2	2	0
ppe_0350_jpg.rf.66edb7b18e246eaa84f3ed89b4a4eb0f	train	labels/rf100_v2_000239.txt	1	1	1
ppe_0351_jpg.rf.6ba035c32651670210e436bc9a13b0a7	train	labels/rf100_v2_000240.txt	1	1	0
ppe_0352_jpg.rf.83bab9a7f1ff7d6359130ab5d818aea0	train	labels/rf100_v2_000241.txt	3	1	0
ppe_0353_jpg.rf.b0b794a75ac61f80f702ff53ec271eee	train	labels/rf100_v2_000242.txt	4	4	4
ppe_0355_jpg.rf.fe7d365d4aaf474db1973dc7ef91cf59	train	labels/rf100_v2_000243.txt	3	3	3
ppe_0356_jpg.rf.0d5ff0b48476e2e7583dacbfc8290d5e	train	labels/rf100_v2_000244.txt	1	1	0
ppe_0358_jpg.rf.8c977a95e70a1358884802ecbe97e23c	train	labels/rf100_v2_000245.txt	0	1	1
ppe_0360_jpg.rf.76ca1c5b05dc1ecc8c8055a38e4d8843	train	labels/rf100_v2_000246.txt	0	1	0
ppe_0361_jpg.rf.a59547448e0dc85bdf6f6142faade647	train	labels/rf100_v2_000247.txt	1	1	1
ppe_0366_jpg.rf.48a46c3ef0d2246e601358af24a7e75e	train	labels/rf100_v2_000248.txt	3	4	0
ppe_0368_jpg.rf.8a2a08cae7a8a37b9da29bb4f7ac5884	train	labels/rf100_v2_000249.txt	3	3	3
ppe_0369_jpg.rf.8d8a3b826ed83cdb7fb53921ad2a98bb	train	labels/rf100_v2_000250.txt	1	1	1
ppe_0371_jpg.rf.c55966d38b6273d799328028a0ce41c7	train	labels/rf100_v2_000251.txt	1	1	0
ppe_0372_jpg.rf.cf0d6b6e8ecbf0ffd17f408ffa317383	train	labels/rf100_v2_000252.txt	3	3	3
ppe_0374_jpg.rf.5f835a7506ed92e191b6de98d5557c4a	train	labels/rf100_v2_000253.txt	6	6	6
ppe_0375_jpg.rf.f2d8aebab6ccd66c2235f53de610fbf3	train	labels/rf100_v2_000254.txt	5	4	5
ppe_0378_jpg.rf.31b8d9bd2fc05771b6761bfd1d9221d2	train	labels/rf100_v2_000255.txt	1	1	1
ppe_0381_jpg.rf.d61d141f478b90362520c4fa2a52dd7f	train	labels/rf100_v2_000256.txt	1	1	1
ppe_0382_jpg.rf.942a4eda0140f3f37432cef93fec19f4	train	labels/rf100_v2_000257.txt	2	2	2
ppe_0383_jpg.rf.56bd02cefef19c36ac33fdd010f43ca9	train	labels/rf100_v2_000258.txt	2	2	2
ppe_0385_jpg.rf.d32a7063d7c1285bb89f8dabfadc1c3e	train	labels/rf100_v2_000259.txt	1	1	1
ppe_0387_jpg.rf.7b086a3aa5d9000cf91d0142585167c0	train	labels/rf100_v2_000260.txt	3	3	3
ppe_0389_jpg.rf.2bbd2ec801205599d91a4434d4bdd159	train	labels/rf100_v2_000261.txt	1	1	0
ppe_0391_jpg.rf.6535549ac1820b859229d117cb95b5a9	train	labels/rf100_v2_000262.txt	2	2	0
ppe_0394_jpg.rf.0f7e1a1ac529c0f836e0eb7366e1ed9d	train	labels/rf100_v2_000263.txt	1	1	1
ppe_0395_jpg.rf.927ffd061c8a8323fbcc54baa4e4fdda	train	labels/rf100_v2_000264.txt	3	2	2
ppe_0398_jpg.rf.e7696b15ed675385d4fec23084f8d71e	train	labels/rf100_v2_000265.txt	3	3	3
ppe_0400_jpg.rf.dfc85467e7991aa082eb8d77d5646029	train	labels/rf100_v2_000266.txt	1	1	0
ppe_0401_jpg.rf.c62c3fb9606266552cd1051c5a2ca2ca	train	labels/rf100_v2_000267.txt	1	1	0
ppe_0404_jpg.rf.2834a9b7666d39502c222e7afec42096	train	labels/rf100_v2_000268.txt	2	2	1
ppe_0405_jpg.rf.a1356c2fd9e5e8de8bf9005d18a25e68	train	labels/rf100_v2_000269.txt	1	1	1
ppe_0407_jpg.rf.1d62b4da387719fee22982c709079d88	train	labels/rf100_v2_000270.txt	8	8	8
ppe_0410_jpg.rf.e78f4fdddfaab950723df58d53e66c3d	train	labels/rf100_v2_000271.txt	1	1	0
ppe_0411_jpg.rf.83b5ef2d80a5280042945a1da5880566	train	labels/rf100_v2_000272.txt	1	1	0
ppe_0412_jpg.rf.1ea2a994e19e6be29b9ac1116a5b8aaa	train	labels/rf100_v2_000273.txt	3	3	3
ppe_0416_jpg.rf.75ba0a82b741aa49e7f7c1e6a3a0bf73	train	labels/rf100_v2_000274.txt	1	0	1
ppe_0417_jpg.rf.a37f77d3f80dcca6b80e7dadcd8ed591	train	labels/rf100_v2_000275.txt	2	2	2
ppe_0419_jpg.rf.a031fed76c018cf4ecace414d5c90997	train	labels/rf100_v2_000276.txt	1	1	0
ppe_0420_jpg.rf.7a4f2c74fc29aa4076c612feea73af71	train	labels/rf100_v2_000277.txt	1	1	0
ppe_0424_jpg.rf.b19dcac098599d7029f854f4c2e10df5	train	labels/rf100_v2_000278.txt	0	1	0
ppe_0425_jpg.rf.2010e2a1649eab69b5a19c051b656aa4	train	labels/rf100_v2_000279.txt	2	2	2
ppe_0427_jpg.rf.699736913cc6abf3df981b5c995fccec	train	labels/rf100_v2_000280.txt	1	1	0
ppe_0428_jpg.rf.172732a6aa75ef7c5bcad1a381aa2ad2	train	labels/rf100_v2_000281.txt	1	1	1
ppe_0430_jpg.rf.05ec8e7b93b475355616ba3f011085b2	train	labels/rf100_v2_000282.txt	1	1	1
ppe_0431_jpg.rf.cb70ce1af865468e4acf07062e47a54e	train	labels/rf100_v2_000283.txt	1	1	0
ppe_0432_jpg.rf.9ef4d0a703c35eb6fc17f193da94f73d	train	labels/rf100_v2_000284.txt	1	1	0
ppe_0433_jpg.rf.ccec66d87c9a0c2ca27a98d702fd9091	train	labels/rf100_v2_000285.txt	2	2	0
ppe_0434_jpg.rf.f02ffdb71a21310754a8813ae3b5fe9f	train	labels/rf100_v2_000286.txt	2	2	1
ppe_0436_jpg.rf.faa435d5916745155d468cb2ab0e36f8	train	labels/rf100_v2_000287.txt	1	1	0
ppe_0437_jpg.rf.1e0641d5858fd1c376377732f12496e8	train	labels/rf100_v2_000288.txt	3	3	3
ppe_0442_jpg.rf.d946e61e1e990301187518688013b9c4	train	labels/rf100_v2_000289.txt	3	3	3
ppe_0443_jpg.rf.07236633be7a2bacad0bb2c8d324db4b	train	labels/rf100_v2_000290.txt	5	5	5
ppe_0444_jpg.rf.5f237c1f7f21443ef23f59346612a36b	train	labels/rf100_v2_000291.txt	12	12	11
ppe_0445_jpg.rf.ba4d886fca0177c4d146e6413dec6517	train	labels/rf100_v2_000292.txt	2	1	2
ppe_0446_jpg.rf.35748df0dac297f381d3e13e49a2b9a6	train	labels/rf100_v2_000293.txt	2	2	2
ppe_0450_jpg.rf.2a95ff35da8abc454e3e93b53b375643	train	labels/rf100_v2_000294.txt	1	1	1
ppe_0453_jpg.rf.7a1ae2346a0fee75e9edd3da1a48d187	train	labels/rf100_v2_000295.txt	1	1	0
ppe_0456_jpg.rf.296166b8e5f724ebd6e5c7ff6868fe98	train	labels/rf100_v2_000296.txt	1	1	1
ppe_0457_jpg.rf.143c7ce0d11082eb9791bde57e4261d8	train	labels/rf100_v2_000297.txt	1	1	1
ppe_0458_jpg.rf.6521a6c375520f7f3688eb938f60bf08	train	labels/rf100_v2_000298.txt	4	4	0
ppe_0459_jpg.rf.bdf88db2809338e44b47cbc5e1f922d5	train	labels/rf100_v2_000299.txt	2	2	1
ppe_0460_jpg.rf.cf7810cff33f246d7da5149ffba5ed45	train	labels/rf100_v2_000300.txt	5	5	5
ppe_0462_jpg.rf.96e3537fe2b326dc294e475d64fdb2cd	train	labels/rf100_v2_000301.txt	2	2	2
ppe_0465_jpg.rf.14d755d59f8aa10ffb1150d4f6673f77	train	labels/rf100_v2_000302.txt	1	1	0
ppe_0466_jpg.rf.cee7144b0afe5ad0ce5fabec780eecfc	train	labels/rf100_v2_000303.txt	3	3	2
ppe_0467_jpg.rf.cc3ca94680ea055ee973eb2e5b49952c	train	labels/rf100_v2_000304.txt	1	1	0
ppe_0469_jpg.rf.15de1a4844661ae8806e0bfed3861834	train	labels/rf100_v2_000305.txt	1	1	1
ppe_0470_jpg.rf.b106817a363e1aeafc92360554b0f2ad	train	labels/rf100_v2_000306.txt	1	1	1
ppe_0471_jpg.rf.96db1057e111bcf0c48a4d5403c73ca8	train	labels/rf100_v2_000307.txt	2	2	2
ppe_0474_jpg.rf.96dbbc1cb0b791e7acf0ed8e135c4d8c	train	labels/rf100_v2_000308.txt	1	1	0
ppe_0475_jpg.rf.33b713b51c7813f8027f46c39d206ba0	train	labels/rf100_v2_000309.txt	2	2	2
ppe_0476_jpg.rf.1734924e948444cbc7e7b73daf898409	train	labels/rf100_v2_000310.txt	1	1	1
ppe_0477_jpg.rf.f14cadeb3b32f90e2fbf871459f74c6c	train	labels/rf100_v2_000311.txt	2	2	2
ppe_0479_jpg.rf.ce74b169400019cc98c36cc275eb5649	train	labels/rf100_v2_000312.txt	1	1	0
ppe_0481_jpg.rf.38a883e41763c33945feb5627737214d	train	labels/rf100_v2_000313.txt	1	1	1
ppe_0482_jpg.rf.ce1df9f1830000f7188e1b0ff114b7b7	train	labels/rf100_v2_000314.txt	3	2	2
ppe_0484_jpg.rf.7a920a726cbf0bf12892af2f139a60e9	train	labels/rf100_v2_000315.txt	1	1	0
ppe_0485_jpg.rf.381f2becb1590484b6249672d689749c	train	labels/rf100_v2_000316.txt	1	1	1
ppe_0486_jpg.rf.0e6f1333f828be26e1882736eb33ed8c	train	labels/rf100_v2_000317.txt	1	1	1
ppe_0489_jpg.rf.841f1b81a4ee6ada56515d45fb309c8f	train	labels/rf100_v2_000318.txt	1	1	1
ppe_0490_jpg.rf.53e2d1f56b13e804bd9a99234a53dcc5	train	labels/rf100_v2_000319.txt	7	7	7
ppe_0491_jpg.rf.d473d7e07b7714297ca1b286d91bd5ba	train	labels/rf100_v2_000320.txt	1	1	0
ppe_0492_jpg.rf.03dbbcaade0a3d9e49c6435afb7a7cd0	train	labels/rf100_v2_000321.txt	4	4	1
ppe_0493_jpg.rf.cf16d5ba67ebcdb9d42270d5c1ab7a6a	train	labels/rf100_v2_000322.txt	2	2	2
ppe_0494_jpg.rf.38d4fe28e61bdb6dad4f79af30284b81	train	labels/rf100_v2_000323.txt	3	3	3
ppe_0495_jpg.rf.ef83bd043e516dbebf2a4283d1c026dc	train	labels/rf100_v2_000324.txt	2	2	0
ppe_0496_jpg.rf.a898fe23e13842ca14f6299b1e7c097a	train	labels/rf100_v2_000325.txt	1	1	1
ppe_0497_jpg.rf.0dc12b89077454cc4ffba1c84b32726d	train	labels/rf100_v2_000326.txt	1	1	1
ppe_0499_jpg.rf.5b1264c22b172e92b02e96f2328c127a	train	labels/rf100_v2_000327.txt	1	1	1
ppe_0501_jpg.rf.2f58d6a363af7f7c3e18448d5dd089d2	train	labels/rf100_v2_000328.txt	1	1	1
ppe_0502_jpg.rf.cf8e14df69864a40fe116c384a7e78d9	train	labels/rf100_v2_000329.txt	2	1	1
ppe_0503_jpg.rf.00eab73e719d89c05a73a1dd6793f269	train	labels/rf100_v2_000330.txt	2	1	2
ppe_0504_jpg.rf.0b9cc30111deccc6e7de002efcc34096	train	labels/rf100_v2_000331.txt	1	1	1
ppe_0505_jpg.rf.8dd956b8cc692010b7660a055575e744	train	labels/rf100_v2_000332.txt	2	2	0
ppe_0506_jpg.rf.a5c1ff977b283513aa0a00598de32d66	train	labels/rf100_v2_000333.txt	4	6	5
ppe_0507_jpg.rf.b6e8add64c0022cfc22f7561d3d80b38	train	labels/rf100_v2_000334.txt	0	1	0
ppe_0508_jpg.rf.4c610f353e697b2210ed7bedb4112dee	train	labels/rf100_v2_000335.txt	3	4	3
ppe_0510_jpg.rf.fa418d4a6f578fdc8f96b2a02aa90d44	train	labels/rf100_v2_000336.txt	3	2	2
ppe_0512_jpg.rf.a687b328719e11f5441c0316092ce047	train	labels/rf100_v2_000337.txt	1	1	1
ppe_0514_jpg.rf.145892abe1115723cc03280a8636d139	train	labels/rf100_v2_000338.txt	2	2	1
ppe_0515_jpg.rf.be52e48d3cdbb48b3d3a118a797827d5	train	labels/rf100_v2_000339.txt	4	4	4
ppe_0516_jpg.rf.53bb60510d693c31b4d9d6b67941556b	train	labels/rf100_v2_000340.txt	2	2	0
ppe_0518_jpg.rf.6bc4a63cffa86f6c0611bd827a8f2aa8	train	labels/rf100_v2_000341.txt	1	1	0
ppe_0519_jpg.rf.4513ebbb076b6252e71b10183d7e0e6e	train	labels/rf100_v2_000342.txt	1	1	0
ppe_0520_jpg.rf.f10d7428afce64dd2c762448ea37790d	train	labels/rf100_v2_000343.txt	3	3	3
ppe_0522_jpg.rf.404c1bffe60cfbe922cb51acea6985e1	train	labels/rf100_v2_000344.txt	1	1	1
ppe_0523_jpg.rf.4d86da60f85aadd335ee6327c514ef25	train	labels/rf100_v2_000345.txt	2	2	2
ppe_0524_jpg.rf.ce23c4bdab2a3f1b0260995fedffe8d3	train	labels/rf100_v2_000346.txt	5	5	0
ppe_0525_jpg.rf.c2062d84aefb76016bd02ce530cfc57e	train	labels/rf100_v2_000347.txt	2	2	2
ppe_0526_jpg.rf.8cb3e634078088177a94675cd1c66048	train	labels/rf100_v2_000348.txt	1	1	0
ppe_0527_jpg.rf.4725f115ab62fdf53ea886c4f483eb63	train	labels/rf100_v2_000349.txt	1	1	0
ppe_0528_jpg.rf.b55fdaf937192b62d75feb09bec774d2	train	labels/rf100_v2_000350.txt	2	2	0
ppe_0530_jpg.rf.05245545bdf67d76248d9dcb113f0a56	train	labels/rf100_v2_000351.txt	1	1	0
ppe_0531_jpg.rf.84f85911fb2e228051921150c74103c4	train	labels/rf100_v2_000352.txt	1	1	1
ppe_0534_jpg.rf.4ec46888975264970cecff1abe0e2a53	train	labels/rf100_v2_000353.txt	2	2	2
ppe_0535_jpg.rf.3e7f200c6ff70c569244c953fdb32947	train	labels/rf100_v2_000354.txt	2	2	2
ppe_0536_jpg.rf.6d16184f97115e7d4bd4f5a1eb484dbe	train	labels/rf100_v2_000355.txt	3	1	3
ppe_0537_jpg.rf.367a270a7c9dcfd3208eff5e952c0c74	train	labels/rf100_v2_000356.txt	3	3	3
ppe_0538_jpg.rf.b3cfaacf1c831f96120e9cdb17e85097	train	labels/rf100_v2_000357.txt	1	1	0
ppe_0540_jpg.rf.72ebf0197dedb6924607d86b2802677c	train	labels/rf100_v2_000358.txt	5	5	4
ppe_0542_jpg.rf.c1f92ce7dbca2edaa349f76de7d6565e	train	labels/rf100_v2_000359.txt	1	1	1
ppe_0543_jpg.rf.4ce9453cf400eea66c8c9c585676dd56	train	labels/rf100_v2_000360.txt	1	1	1
ppe_0546_jpg.rf.244b77b04fca7ec4225af060ee5f4090	train	labels/rf100_v2_000361.txt	1	1	0
ppe_0547_jpg.rf.4a2d72df11c586bbcf285988eefd17d8	train	labels/rf100_v2_000362.txt	3	3	3
ppe_0549_jpg.rf.b31c1cfcac95870bfe8b9279356ed04c	train	labels/rf100_v2_000363.txt	1	1	0
ppe_0552_jpg.rf.54e8b87d088c94de642bfaa7ec2e5537	train	labels/rf100_v2_000364.txt	1	1	0
ppe_0554_jpg.rf.992fe156e3aa21a6bc83a9484334bc6a	train	labels/rf100_v2_000365.txt	4	4	0
ppe_0555_jpg.rf.4581f2fbb8314a4c22b9fcc466997f40	train	labels/rf100_v2_000366.txt	2	2	2
ppe_0556_jpg.rf.4cea652b9c5612f50996b2006cc03511	train	labels/rf100_v2_000367.txt	3	3	0
ppe_0557_jpg.rf.db307916d9436f0d2e4a4f72e176e0f6	train	labels/rf100_v2_000368.txt	4	4	4
ppe_0559_jpg.rf.571404eacb515fb914bcb896f0a6dfeb	train	labels/rf100_v2_000369.txt	2	2	2
ppe_0561_jpg.rf.d34154bde39081a53e947a6accd9dfe4	train	labels/rf100_v2_000370.txt	1	1	1
ppe_0562_jpg.rf.7d8e457de47de14ebe2d4acf8651d0cc	train	labels/rf100_v2_000371.txt	1	1	0
ppe_0564_jpg.rf.b9f91375a073104b77354e8b155f616e	train	labels/rf100_v2_000372.txt	4	4	4
ppe_0568_jpg.rf.6777d663ed4eec931a326aa68e03429e	train	labels/rf100_v2_000373.txt	3	1	0
ppe_0570_jpg.rf.221562ed8f060c869e7d83c35b606ba8	train	labels/rf100_v2_000374.txt	2	1	2
ppe_0571_jpg.rf.e63f8e157ceed1ee2d053f00c49ed639	train	labels/rf100_v2_000375.txt	6	5	0
ppe_0572_jpg.rf.9ba397314bed2bc693631c8a9f1feb69	train	labels/rf100_v2_000376.txt	2	1	0
ppe_0573_jpg.rf.5f718450eab05b09d0a5741789ea79db	train	labels/rf100_v2_000377.txt	7	7	0
ppe_0578_jpg.rf.5315b2f9151ef6d84e61106052779a5d	train	labels/rf100_v2_000378.txt	3	2	0
ppe_0579_jpg.rf.cdde20eed0085897dc9d17167f79490b	train	labels/rf100_v2_000379.txt	1	1	0
ppe_0580_jpg.rf.974ce380fa68368d23c9a2b5b177f024	train	labels/rf100_v2_000380.txt	8	7	7
ppe_0581_jpg.rf.dd0ff8db39d2bc55534be8d91d8f2f87	train	labels/rf100_v2_000381.txt	7	7	0
ppe_0582_jpg.rf.7ae647b65e53f3207fd5b7fee33455fe	train	labels/rf100_v2_000382.txt	3	3	0
ppe_0584_jpg.rf.36d7ccb5f2c0c2b2bcf0bf07ab875a41	train	labels/rf100_v2_000383.txt	3	3	0
ppe_0586_jpg.rf.fa132534a9a7d5bd4638fb90f7e44517	train	labels/rf100_v2_000384.txt	1	2	0
ppe_0588_jpg.rf.528d032bb29c5f02231733d1143515bd	train	labels/rf100_v2_000385.txt	1	1	1
ppe_0589_jpg.rf.71917e0926565acd06be936914a5db71	train	labels/rf100_v2_000386.txt	4	5	0
ppe_0590_jpg.rf.c422b93c0f8df36c6964036010eaed2e	train	labels/rf100_v2_000387.txt	2	2	2
ppe_0593_jpg.rf.98ff8c7ed72c136090153d8256bb4786	train	labels/rf100_v2_000388.txt	3	3	3
ppe_0597_jpg.rf.f244cad373e6fd73a7c44a8731f481c4	train	labels/rf100_v2_000389.txt	2	2	0
ppe_0598_jpg.rf.55f5b8e80060d30d234ea20a936bad6c	train	labels/rf100_v2_000390.txt	2	2	2
ppe_0600_jpg.rf.8fda6e7fcee99b0458bc29191510646d	train	labels/rf100_v2_000391.txt	1	1	0
ppe_0602_jpg.rf.ce3b9d3f8c805b020286bbda18e2503e	train	labels/rf100_v2_000392.txt	3	3	3
ppe_0603_jpg.rf.6ffca34298417acef347f3d1da882434	train	labels/rf100_v2_000393.txt	3	3	0
ppe_0604_jpg.rf.51ab5848ba35db0ecdecbe1f6d672d03	train	labels/rf100_v2_000394.txt	14	17	7
ppe_0606_jpg.rf.a1c969c538382db692aca29b546f87c2	train	labels/rf100_v2_000395.txt	2	1	0
ppe_0608_jpg.rf.ec1f5ad28bd20e3232ce1da23df4493c	train	labels/rf100_v2_000396.txt	3	4	0
ppe_0610_jpg.rf.a926fb29c5f0adb30dc694fd9ae695bd	train	labels/rf100_v2_000397.txt	5	1	0
ppe_0611_jpg.rf.4e993c5561afbe86992f4c2a6e56fa97	train	labels/rf100_v2_000398.txt	3	3	3
ppe_0613_jpg.rf.f77e8adb60c1bde79a9e975e62b8b87c	train	labels/rf100_v2_000399.txt	3	3	0
ppe_0614_jpg.rf.52365b38a3ad3d2654dcb26ca08700a3	train	labels/rf100_v2_000400.txt	6	6	6
ppe_0615_jpg.rf.cfd233cde09c6e00582324cd65cd0dff	train	labels/rf100_v2_000401.txt	5	5	4
ppe_0616_jpg.rf.a8e15f4adbf83facbf6a4629e9f54dea	train	labels/rf100_v2_000402.txt	5	6	0
ppe_0617_jpg.rf.ca7be90f385e8dc128c92749e4242dd6	train	labels/rf100_v2_000403.txt	1	1	0
ppe_0618_jpg.rf.8b0aec5b1f60b4bc17eb5443ef7c57fc	train	labels/rf100_v2_000404.txt	2	2	2
ppe_0619_jpg.rf.cd1d57caebae88a610ad938345a4c0c4	train	labels/rf100_v2_000405.txt	1	1	1
ppe_0620_jpg.rf.a2e1177c8795d6b7161b0a22d35ff187	train	labels/rf100_v2_000406.txt	5	4	0
ppe_0622_jpg.rf.a590c134b81c7aad8c269aa8a0e9a16d	train	labels/rf100_v2_000407.txt	3	1	3
ppe_0623_jpg.rf.4a96885096393bc652e0c93a41b6f83b	train	labels/rf100_v2_000408.txt	3	3	0
ppe_0625_jpg.rf.7d0bb22b082550afe948f54c8db570b9	train	labels/rf100_v2_000409.txt	2	0	2
ppe_0626_jpg.rf.cac59c6aa9902d28c04579df56b660d6	train	labels/rf100_v2_000410.txt	5	5	5
ppe_0627_jpg.rf.7f91007b181aac238054837e7cc1ed7c	train	labels/rf100_v2_000411.txt	1	1	1
ppe_0628_jpg.rf.3afe77af75fc63a10de8c1a0fdcc8fd7	train	labels/rf100_v2_000412.txt	7	6	0
ppe_0631_jpg.rf.5ca680917067a270f1502fc7500482dd	train	labels/rf100_v2_000413.txt	3	3	3
ppe_0632_jpg.rf.12b2addb0a02d4b982953f97a9b0b34e	train	labels/rf100_v2_000414.txt	2	2	0
ppe_0634_jpg.rf.cf53d68ee7cecbb715f7a8b0c244f457	train	labels/rf100_v2_000415.txt	2	2	2
ppe_0635_jpg.rf.6027505293f04d200478cf8e707a1795	train	labels/rf100_v2_000416.txt	3	3	0
ppe_0636_jpg.rf.a579ce08f3ab37cabe466a7535fc2775	train	labels/rf100_v2_000417.txt	2	2	2
ppe_0639_jpg.rf.d4f64ec7d5aee70c61d9a6637cea7005	train	labels/rf100_v2_000418.txt	1	1	1
ppe_0640_jpg.rf.85163ca387afbd8d0e8332b96af6a53a	train	labels/rf100_v2_000419.txt	3	2	3
ppe_0641_jpg.rf.f8c5c70ca420a7cd3ec03110123107d1	train	labels/rf100_v2_000420.txt	2	1	1
ppe_0642_jpg.rf.d58f4ec82d66f5e733744bba37d1879a	train	labels/rf100_v2_000421.txt	3	3	2
ppe_0644_jpg.rf.7b2b4d06b199a8e9004a0ced70a6ba53	train	labels/rf100_v2_000422.txt	1	1	1
ppe_0645_jpg.rf.88fd11cb6539b050d678852f2762e9ab	train	labels/rf100_v2_000423.txt	4	4	4
ppe_0646_jpg.rf.eec971dd20212612ef9a7058e033679b	train	labels/rf100_v2_000424.txt	2	2	2
ppe_0649_jpg.rf.9797050b4c3cec839c6fd7b1ad6adfb1	train	labels/rf100_v2_000425.txt	4	4	0
ppe_0650_jpg.rf.684851fa5d07a145103e53f61fd9d020	train	labels/rf100_v2_000426.txt	2	2	0
ppe_0651_jpg.rf.4f87da066899ffde2f681437f0cb90a3	train	labels/rf100_v2_000427.txt	3	2	0
ppe_0652_jpg.rf.e2c2c0902252f652d28fcb7d96f58125	train	labels/rf100_v2_000428.txt	4	4	0
ppe_0653_jpg.rf.16724ae5e3bbab6d1414f993ba9ef15c	train	labels/rf100_v2_000429.txt	4	4	0
ppe_0655_jpg.rf.4d0f95e2b79590a81d76244b22965fc6	train	labels/rf100_v2_000430.txt	2	3	0
ppe_0656_jpg.rf.a9a18106154b7f9fb00134048561d872	train	labels/rf100_v2_000431.txt	1	1	1
ppe_0657_jpg.rf.bdddba24b27b1b989d2fba87570dd1b0	train	labels/rf100_v2_000432.txt	2	2	1
ppe_0660_jpg.rf.e11979d0825d59ddd2544967f89885fb	train	labels/rf100_v2_000433.txt	1	1	1
ppe_0661_jpg.rf.610d34536f2452a921099c120b46a85c	train	labels/rf100_v2_000434.txt	3	3	0
ppe_0662_jpg.rf.5828b357cf479838f99f51fcfe6de047	train	labels/rf100_v2_000435.txt	1	1	1
ppe_0663_jpg.rf.181928890dde7b39ed33f8b58d05ec44	train	labels/rf100_v2_000436.txt	2	2	0
ppe_0664_jpg.rf.e17fe8a69f2d52ca20d35b4f8857bac7	train	labels/rf100_v2_000437.txt	3	3	2
ppe_0665_jpg.rf.0fedb9a3c634decdefa50f038adc905d	train	labels/rf100_v2_000438.txt	7	3	3
ppe_0666_jpg.rf.d145b853f996435f17bac1fe732be369	train	labels/rf100_v2_000439.txt	3	1	1
ppe_0667_jpg.rf.4f1b5cbf0b7744b024e2ebfdc7429564	train	labels/rf100_v2_000440.txt	4	4	0
ppe_0668_jpg.rf.a9698369bed4930946fa5a453f60b2fe	train	labels/rf100_v2_000441.txt	2	2	2
ppe_0669_jpg.rf.a9d2281bfb71138551dfe10a29688edb	train	labels/rf100_v2_000442.txt	2	2	0
ppe_0670_jpg.rf.e9564e9dd81f0bff241e97747bd21019	train	labels/rf100_v2_000443.txt	1	1	0
ppe_0671_jpg.rf.1970acccc2fa2ae34493242007d0ecae	train	labels/rf100_v2_000444.txt	4	4	0
ppe_0672_jpg.rf.ab0ca43b1fb82e9d49d50158ddb3696e	train	labels/rf100_v2_000445.txt	1	1	0
ppe_0673_jpg.rf.b8ea265c0c660a534ea0d53c07b27691	train	labels/rf100_v2_000446.txt	2	2	2
ppe_0676_jpg.rf.8b89902666b608d09c536f85f1baaa2c	train	labels/rf100_v2_000447.txt	2	2	2
ppe_0677_jpg.rf.077b7c2f7eddb4df15487094e48bf93a	train	labels/rf100_v2_000448.txt	2	2	1
ppe_0678_jpg.rf.e9fc85059c3a7193c7c4cdcaf8c0a4be	train	labels/rf100_v2_000449.txt	7	11	5
ppe_0679_jpg.rf.2f340bcf2be5024d67c2baf7bec13e01	train	labels/rf100_v2_000450.txt	1	1	1
ppe_0680_jpg.rf.c22ff5b5e3d84ace6d771239b25697f7	train	labels/rf100_v2_000451.txt	2	2	2
ppe_0681_jpg.rf.e2bfded05d7d43f6f7d3a75e9a5d5d12	train	labels/rf100_v2_000452.txt	1	1	0
ppe_0682_jpg.rf.5bc3a0e29e4c37a28f69b0025da73933	train	labels/rf100_v2_000453.txt	2	2	2
ppe_0683_jpg.rf.dfd736329897548da8257d46f27c1c8d	train	labels/rf100_v2_000454.txt	10	11	8
ppe_0684_jpg.rf.a321c0feec3cc6c83275001096d57a42	train	labels/rf100_v2_000455.txt	2	2	2
ppe_0685_jpg.rf.993ad9f0b3daf93bbbc1e80438b63a4a	train	labels/rf100_v2_000456.txt	1	1	1
ppe_0686_jpg.rf.cff598fd6446bd0fceab6403626fb7f1	train	labels/rf100_v2_000457.txt	3	3	0
ppe_0687_jpg.rf.0b7a4d57227c99d0994d9227954c0e0d	train	labels/rf100_v2_000458.txt	1	1	1
ppe_0688_jpg.rf.333f51f8b6bbbbbfdc9514012c15ab58	train	labels/rf100_v2_000459.txt	1	1	1
ppe_0689_jpg.rf.d8d55cfd8cde02f9928ecb4803f614c0	train	labels/rf100_v2_000460.txt	5	6	1
ppe_0690_jpg.rf.e8d300acf6c63b9f3e41ae91fc54022e	train	labels/rf100_v2_000461.txt	2	2	2
ppe_0693_jpg.rf.6c55ff55032c8325ee25cf9b2c067dc3	train	labels/rf100_v2_000462.txt	9	0	0
ppe_0695_jpg.rf.ec81dcce6df3bc81d01fab73031c8843	train	labels/rf100_v2_000463.txt	2	2	0
ppe_0696_jpg.rf.dd87801a0ea9b932fc340b7dcad14170	train	labels/rf100_v2_000464.txt	22	17	0
ppe_0697_jpg.rf.2568e140c58d9e3ff1b22fd6b6cbb76b	train	labels/rf100_v2_000465.txt	6	5	0
ppe_0698_jpg.rf.f27e5b8331968eeeea06c3ad11ddf39a	train	labels/rf100_v2_000466.txt	2	2	1
ppe_0699_jpg.rf.ab3af0f495bfdef3b277cc5ec7d74b9d	train	labels/rf100_v2_000467.txt	1	1	0
ppe_0700_jpg.rf.ad7e23077ad9c2fa266c56817ed8dcc4	train	labels/rf100_v2_000468.txt	1	1	0
ppe_0702_jpg.rf.c626c9e8814eb1e20ff5dd205159368d	train	labels/rf100_v2_000469.txt	1	1	1
ppe_0703_jpg.rf.62cf6c819d7925e2100b41c6ecd887f6	train	labels/rf100_v2_000470.txt	2	2	2
ppe_0704_jpg.rf.479657bd493c12d236aaffdf0e0a0f9a	train	labels/rf100_v2_000471.txt	1	1	0
ppe_0705_jpg.rf.e4f85f01645e7738fbcd05d2e021a704	train	labels/rf100_v2_000472.txt	2	2	2
ppe_0706_jpg.rf.ca68a46acc52c0f5e45d8dccfa7223c6	train	labels/rf100_v2_000473.txt	4	4	0
ppe_0707_jpg.rf.072735da038cf2f4a3c85006741ea82c	train	labels/rf100_v2_000474.txt	2	2	1
ppe_0708_jpg.rf.90998ff430983592673c57121aa11545	train	labels/rf100_v2_000475.txt	2	2	2
ppe_0709_jpg.rf.b66770b2400d57c7884fe0b589f5187c	train	labels/rf100_v2_000476.txt	2	2	2
ppe_0710_jpg.rf.b2844993ca4bcb80d2ee92a0ff07d948	train	labels/rf100_v2_000477.txt	8	8	8
ppe_0712_jpg.rf.6fa34dca709df5621577ba710d5a1780	train	labels/rf100_v2_000478.txt	2	2	0
ppe_0715_jpg.rf.6d914b19c4bec95b3166a8025d28b963	train	labels/rf100_v2_000479.txt	3	3	3
ppe_0716_jpg.rf.606ecb109c77d53c541810075e0287bc	train	labels/rf100_v2_000480.txt	2	2	0
ppe_0717_jpg.rf.48ed946481857a1eb68ad6f375480596	train	labels/rf100_v2_000481.txt	2	2	0
ppe_0721_jpg.rf.451e5584ec09ff65dc11515b987c8e42	train	labels/rf100_v2_000482.txt	2	2	1
ppe_0722_jpg.rf.f55b931ef87eb5d735bea819d62c14d9	train	labels/rf100_v2_000483.txt	2	2	1
ppe_0723_jpg.rf.fa2679f2d5c55b91cc9c10758a3c2ba4	train	labels/rf100_v2_000484.txt	2	2	2
ppe_0724_jpg.rf.ab8491fef1a8294d7596bcba0daf8e5e	train	labels/rf100_v2_000485.txt	2	2	1
ppe_0725_jpg.rf.d16692d6dd212415cef735a97c7802f3	train	labels/rf100_v2_000486.txt	2	2	0
ppe_0726_jpg.rf.98e71b5b9a19d51d52fce219a83d61f2	train	labels/rf100_v2_000487.txt	7	7	7
ppe_0727_jpg.rf.294040375b64666cbba05908b4118abf	train	labels/rf100_v2_000488.txt	4	5	3
ppe_0728_jpg.rf.349aa03c30a242aac186997ee8327daf	train	labels/rf100_v2_000489.txt	1	1	1
ppe_0729_jpg.rf.6d3730e76368b9974cfe29ab724bb3f0	train	labels/rf100_v2_000490.txt	4	2	0
ppe_0730_jpg.rf.e4f1144fc40abc641224aa3c5246e142	train	labels/rf100_v2_000491.txt	2	2	1
ppe_0732_jpg.rf.fe24a0c60a0f09586b951188660ac054	train	labels/rf100_v2_000492.txt	3	3	3
ppe_0733_jpg.rf.8041394aeb10dbbea23d384aedc82fc9	train	labels/rf100_v2_000493.txt	7	6	0
ppe_0734_jpg.rf.dda40ebfce55dd74f6408f5579d83720	train	labels/rf100_v2_000494.txt	2	2	2
ppe_0735_jpg.rf.d885e2833c699f0f3d7b25e966842f90	train	labels/rf100_v2_000495.txt	5	3	1
ppe_0737_jpg.rf.4d8a0351655bbe24965c6be22dbc9f1b	train	labels/rf100_v2_000496.txt	1	1	0
ppe_0738_jpg.rf.a52d605fddb2634c9543822466936306	train	labels/rf100_v2_000497.txt	1	1	1
ppe_0739_jpg.rf.7c4d50440ba172d4bd47642374e99f8d	train	labels/rf100_v2_000498.txt	6	6	3
ppe_0740_jpg.rf.b4d38a30388e92ace11570c552d0fb70	train	labels/rf100_v2_000499.txt	2	2	1
ppe_0741_jpg.rf.ce0e641d169c6c44c7ff191541548c06	train	labels/rf100_v2_000500.txt	2	1	0
ppe_0742_jpg.rf.99ef269d411a3df5a92585e44d0038cc	train	labels/rf100_v2_000501.txt	3	2	0
ppe_0743_jpg.rf.3e73a8838ef084044e265521e84f8c79	train	labels/rf100_v2_000502.txt	3	3	1
ppe_0746_jpg.rf.3b09ee836a913e02bcb221fcf83fc4bf	train	labels/rf100_v2_000503.txt	5	2	0
ppe_0747_jpg.rf.a8c754c30daf5e994abb62d501cc7912	train	labels/rf100_v2_000504.txt	3	1	0
ppe_0748_jpg.rf.7c50365f65e8fbdd0eefb7812b1d5372	train	labels/rf100_v2_000505.txt	2	2	1
ppe_0749_jpg.rf.1c10f43b31b26864fd09d2a19ae6143e	train	labels/rf100_v2_000506.txt	2	2	0
ppe_0750_jpg.rf.2d0fcf3a4b9bffaea37d32841f6aa3fd	train	labels/rf100_v2_000507.txt	4	4	2
ppe_0751_jpg.rf.c957341a998b1b418360e7a4cf7d630b	train	labels/rf100_v2_000508.txt	9	7	8
ppe_0752_jpg.rf.0883f80d05357dad67681f4de2943fa5	train	labels/rf100_v2_000509.txt	2	2	0
ppe_0753_jpg.rf.5c21b041b36421051b3d121487ea62fd	train	labels/rf100_v2_000510.txt	3	3	2
ppe_0754_jpg.rf.9f49dddeb8c946f6c998f7e20ac2a4e0	train	labels/rf100_v2_000511.txt	4	4	0
ppe_0756_jpg.rf.62526e9d72e7d30ee57b0f3dc2d282a7	train	labels/rf100_v2_000512.txt	2	2	2
ppe_0757_jpg.rf.3a03296256179d2cdbd8da3b6ffe568f	train	labels/rf100_v2_000513.txt	2	2	0
ppe_0758_jpg.rf.ecad47b88564dee1dd212d23dad51e67	train	labels/rf100_v2_000514.txt	4	4	0
ppe_0759_jpg.rf.d626dba66e42659abf554f123f2f9ab9	train	labels/rf100_v2_000515.txt	7	10	0
ppe_0760_jpg.rf.ba35b9be01b1d968d61bee7c8489dafa	train	labels/rf100_v2_000516.txt	4	1	0
ppe_0761_jpg.rf.c6d00e4135037e26ec4781f0c3b51d91	train	labels/rf100_v2_000517.txt	4	2	0
ppe_0762_jpg.rf.5ddc4e49946483d5fe35395e3314588e	train	labels/rf100_v2_000518.txt	2	2	0
ppe_0765_jpg.rf.887aff0e35e20a35f788831c9a305bea	train	labels/rf100_v2_000519.txt	2	2	2
ppe_0766_jpg.rf.bb0e1a1a7888dca5fba583e0454aa998	train	labels/rf100_v2_000520.txt	3	3	3
ppe_0767_jpg.rf.c9cf92d75d5dca13a46445d05f0c7446	train	labels/rf100_v2_000521.txt	5	6	3
ppe_0770_jpg.rf.6b99d0c9b2923e7b609cc0dd0dec9670	train	labels/rf100_v2_000522.txt	5	4	1
ppe_0771_jpg.rf.98a946e226b22caf299cb67b43c2b1e8	train	labels/rf100_v2_000523.txt	5	5	0
ppe_0772_jpg.rf.0e47baea51dcc992c8ee9419ee9909cf	train	labels/rf100_v2_000524.txt	2	2	2
ppe_0773_jpg.rf.54c035665a21d331ec31ac28936a1d00	train	labels/rf100_v2_000525.txt	2	1	0
ppe_0774_jpg.rf.efbb3fe0a6dda179518cbef866989d67	train	labels/rf100_v2_000526.txt	2	2	2
ppe_0775_jpg.rf.0c3648944d987fb0326efac9ff8e9c36	train	labels/rf100_v2_000527.txt	2	2	0
ppe_0776_jpg.rf.550710272c3559abd1dc240a8c6bdbd2	train	labels/rf100_v2_000528.txt	4	4	4
ppe_0777_jpg.rf.8ce3dcb69c93f4a36ff10153b777099d	train	labels/rf100_v2_000529.txt	5	5	5
ppe_0778_jpg.rf.72936a4409440e56e2ebad856ab73dab	train	labels/rf100_v2_000530.txt	2	2	2
ppe_0782_jpg.rf.543a04ad55f175dcc6c9dc8dc9b370f5	train	labels/rf100_v2_000531.txt	5	6	0
ppe_0786_jpg.rf.15940ce2d9469764379344e094b0c918	train	labels/rf100_v2_000532.txt	3	2	3
ppe_0787_jpg.rf.03f6b82816597cba8b104c35e678d110	train	labels/rf100_v2_000533.txt	1	1	0
ppe_0788_jpg.rf.32d5d7b00ebedf2449c69370c7a531d8	train	labels/rf100_v2_000534.txt	1	1	1
ppe_0789_jpg.rf.e97dc1ce88460d30eae960afdbc34a34	train	labels/rf100_v2_000535.txt	3	3	0
ppe_0790_jpg.rf.0938253dbeb230f9d5de3483993e0d67	train	labels/rf100_v2_000536.txt	1	1	0
ppe_0793_jpg.rf.fd26971af80ebf7137acd04f1df7e8a4	train	labels/rf100_v2_000537.txt	2	2	0
ppe_0794_jpg.rf.96d385b5c83527591207f74002126826	train	labels/rf100_v2_000538.txt	1	1	1
ppe_0795_jpg.rf.dcdec98d1fd500820473a5077ce685c4	train	labels/rf100_v2_000539.txt	2	2	0
ppe_0797_jpg.rf.2fcb6a66108d4e5057491d997d5de9f7	train	labels/rf100_v2_000540.txt	5	4	0
ppe_0798_jpg.rf.972eeebfd84caf1f8f508295088efed3	train	labels/rf100_v2_000541.txt	2	2	2
ppe_0799_jpg.rf.8a150e6292b602dca288aca20e3bffdc	train	labels/rf100_v2_000542.txt	1	1	0
ppe_0800_jpg.rf.26cee9fd3a56404bef32d9e75b800371	train	labels/rf100_v2_000543.txt	1	1	1
ppe_0802_jpg.rf.9b1516945d4bbaa579d0f81db3b86dde	train	labels/rf100_v2_000544.txt	1	1	1
ppe_0804_jpg.rf.55593f0a1e37e6c129d0e2ebfe160514	train	labels/rf100_v2_000545.txt	9	9	0
ppe_0806_jpg.rf.4bdd49262f10f512ab311dd766ed6c5d	train	labels/rf100_v2_000546.txt	1	1	0
ppe_0807_jpg.rf.e4ed220892f5e667956369ec4403b5ee	train	labels/rf100_v2_000547.txt	2	2	2
ppe_0808_jpg.rf.4e3748844c06a8a5e6231166e2ff9d34	train	labels/rf100_v2_000548.txt	4	3	5
ppe_0809_jpg.rf.60fac862402fa4236bb9b7366257e515	train	labels/rf100_v2_000549.txt	3	3	0
ppe_0810_jpg.rf.097dd3fd470478ec5d3e05ad8add6b0c	train	labels/rf100_v2_000550.txt	3	3	0
ppe_0811_jpg.rf.a0319c716d5cc9689ac7314d589e5b65	train	labels/rf100_v2_000551.txt	3	2	2
ppe_0814_jpg.rf.9f1505414d744b13bbab01089585c0fc	train	labels/rf100_v2_000552.txt	5	5	5
ppe_0815_jpg.rf.a9fc6c1f77d0d7ba1e70239ce6fd5b5f	train	labels/rf100_v2_000553.txt	5	0	6
ppe_0816_jpg.rf.c666f38aeabc1fbf28764faf814edf50	train	labels/rf100_v2_000554.txt	2	2	2
ppe_0817_jpg.rf.2eaac7079d70ea75de624f6c2d802e1b	train	labels/rf100_v2_000555.txt	2	2	2
ppe_0818_jpg.rf.fce051415f45925c68357b2a271b99da	train	labels/rf100_v2_000556.txt	5	5	0
ppe_0819_jpg.rf.e489794d4d1c89884f6532fac39c928f	train	labels/rf100_v2_000557.txt	3	3	0
ppe_0820_jpg.rf.8c18be4298177db739f3d3fdad71f46a	train	labels/rf100_v2_000558.txt	1	1	0
ppe_0821_jpg.rf.a8cd4df6e2d68e679ddd0f4eece923b4	train	labels/rf100_v2_000559.txt	1	1	0
ppe_0822_jpg.rf.25c203f3ea7384776934e362b3cb561b	train	labels/rf100_v2_000560.txt	3	3	1
ppe_0823_jpg.rf.3c8e483e01001b37dd3d9452ac7fdd8b	train	labels/rf100_v2_000561.txt	1	1	0
ppe_0824_jpg.rf.1c6e867c35762f2f4c72f86f30737942	train	labels/rf100_v2_000562.txt	1	1	1
ppe_0825_jpg.rf.dc4db0db291b66fab8e73dcb54897482	train	labels/rf100_v2_000563.txt	1	1	0
ppe_0826_jpg.rf.af267178da0538997968229470aeed36	train	labels/rf100_v2_000564.txt	2	1	2
ppe_0827_jpg.rf.5b0c8857be0de7b0df43422db2c836c2	train	labels/rf100_v2_000565.txt	2	2	2
ppe_0829_jpg.rf.0d2af2a376182651a42fec07fba744ce	train	labels/rf100_v2_000566.txt	2	2	0
ppe_0830_jpg.rf.4355c3918195206bfa6ed01042c64199	train	labels/rf100_v2_000567.txt	2	1	2
ppe_0831_jpg.rf.aad25c568b736f9261bed4e437a2ae5c	train	labels/rf100_v2_000568.txt	7	7	5
ppe_0832_jpg.rf.cbece1ac0e720d89a5f9ac84a280b583	train	labels/rf100_v2_000569.txt	2	2	2
ppe_0833_jpg.rf.0cedb20ec8f4e39bea2d9d6768d4997f	train	labels/rf100_v2_000570.txt	3	3	2
ppe_0834_jpg.rf.29336a6775f5907dda6084c5d5baf81b	train	labels/rf100_v2_000571.txt	2	2	2
ppe_0835_jpg.rf.79facf63457787261e6f6c3c32e93361	train	labels/rf100_v2_000572.txt	3	3	0
ppe_0837_jpg.rf.0629962a2610c29bd3d25030a7c5fdcd	train	labels/rf100_v2_000573.txt	10	6	7
ppe_0839_jpg.rf.31d235aa21eb1c3acf21d8ca8a114aa0	train	labels/rf100_v2_000574.txt	3	3	3
ppe_0840_jpg.rf.46c5725ec72ef581d8b51198292938fd	train	labels/rf100_v2_000575.txt	2	2	0
ppe_0841_jpg.rf.48b9cbae5fda9310e242beebc8776140	train	labels/rf100_v2_000576.txt	3	3	2
ppe_0842_jpg.rf.7e8b166ba9b14a37753b77d4291bdcb6	train	labels/rf100_v2_000577.txt	3	3	3
ppe_0843_jpg.rf.a3e715071f04c3a2a8c341aecd6a825c	train	labels/rf100_v2_000578.txt	2	2	2
ppe_0845_jpg.rf.6260b4bf5f54064c9924833729cb5048	train	labels/rf100_v2_000579.txt	1	1	0
ppe_0846_jpg.rf.b6ef04e6b5618534170e8e7eeaf287fd	train	labels/rf100_v2_000580.txt	3	3	0
ppe_0847_jpg.rf.e829972f10008c68e32c2b0a2a963f25	train	labels/rf100_v2_000581.txt	2	2	0
ppe_0849_jpg.rf.df416d6a579574094563b10586678ecc	train	labels/rf100_v2_000582.txt	2	2	2
ppe_0850_jpg.rf.67b98336ffa7f494829c32add04e1b57	train	labels/rf100_v2_000583.txt	2	2	1
ppe_0851_jpg.rf.b16a316bccb7254081bc49ec59c1e64f	train	labels/rf100_v2_000584.txt	2	2	0
ppe_0853_jpg.rf.fb275435bebb9216559c63bb5ff741f9	train	labels/rf100_v2_000585.txt	2	2	0
ppe_0854_jpg.rf.a59997bcf78484b6d395a249cb8095df	train	labels/rf100_v2_000586.txt	2	2	2
ppe_0858_jpg.rf.55c6a2fd329698eb0b278ac50eea5c05	train	labels/rf100_v2_000587.txt	3	3	3
ppe_0859_jpg.rf.e44d339ca0331ade3582b724dc326600	train	labels/rf100_v2_000588.txt	2	2	1
ppe_0861_jpg.rf.37a73c3e96751e04343929a9bb9a2aa9	train	labels/rf100_v2_000589.txt	5	5	3
ppe_0862_jpg.rf.ab3216d2e67750026336cf70fb14c489	train	labels/rf100_v2_000590.txt	9	16	7
ppe_0864_jpg.rf.77d37ed0a741920a142cd1e6ea8cefbc	train	labels/rf100_v2_000591.txt	3	3	3
ppe_0865_jpg.rf.3bb2e0c4d56b00c70daa232f6067b3f7	train	labels/rf100_v2_000592.txt	2	2	0
ppe_0866_jpg.rf.0f92ed64ab85609a5ceaeb60b2087b70	train	labels/rf100_v2_000593.txt	1	1	0
ppe_0867_jpg.rf.6ff7c83efe666fd84853d5dfc6b2fb11	train	labels/rf100_v2_000594.txt	1	1	1
ppe_0868_jpg.rf.bb64bd76ba12c03b629ecd4f89eaca96	train	labels/rf100_v2_000595.txt	2	2	1
ppe_0869_jpg.rf.326816ba428e3685c2d8e8c4d5698069	train	labels/rf100_v2_000596.txt	3	3	1
ppe_0870_jpg.rf.6e8533cf210f1ac38d6d9bc7ea483b82	train	labels/rf100_v2_000597.txt	2	1	1
ppe_0871_jpg.rf.0a2e7f544b9dc55700d13f06bc9186e4	train	labels/rf100_v2_000598.txt	2	2	2
ppe_0873_jpg.rf.6397cee34c8f209edf7e38178deb2803	train	labels/rf100_v2_000599.txt	3	4	2
ppe_0874_jpg.rf.4ed3cea188a1d50d8f372fe7a15977df	train	labels/rf100_v2_000600.txt	5	5	0
ppe_0875_jpg.rf.7567890117bebd1e06ba90b787420283	train	labels/rf100_v2_000601.txt	5	4	3
ppe_0876_jpg.rf.cffe49f92848d1d844d51320119ecd51	train	labels/rf100_v2_000602.txt	2	2	0
ppe_0878_jpg.rf.c2ef992576f679e2722cc59fd5457c27	train	labels/rf100_v2_000603.txt	3	1	2
ppe_0879_jpg.rf.919dc1f164a960ce614ec2868d8e84f0	train	labels/rf100_v2_000604.txt	3	3	0
ppe_0880_jpg.rf.5b259a13c760c4e706df0ae990c16d78	train	labels/rf100_v2_000605.txt	1	1	1
ppe_0881_jpg.rf.46bd3bba195882fa4b427a708bce8849	train	labels/rf100_v2_000606.txt	8	5	7
ppe_0883_jpg.rf.677c0909efbffb1ec0f11e2a10beb3ba	train	labels/rf100_v2_000607.txt	2	2	0
ppe_0884_jpg.rf.de669970c51a5e514194d75e93da1fa7	train	labels/rf100_v2_000608.txt	1	1	0
ppe_0886_jpg.rf.618222126a296f101abd9f38937628d6	train	labels/rf100_v2_000609.txt	2	2	2
ppe_0887_jpg.rf.5639587a36d85c96d1fb8cbcc2bc4e3f	train	labels/rf100_v2_000610.txt	1	1	0
ppe_0888_jpg.rf.089b96aeaf7613b5ff453f9343b98bac	train	labels/rf100_v2_000611.txt	7	6	6
ppe_0889_jpg.rf.5a9cebabecfe23f4f322e3df5e785ce9	train	labels/rf100_v2_000612.txt	2	2	0
ppe_0890_jpg.rf.d8d70b7babeb8cab592f7c46ac775cfe	train	labels/rf100_v2_000613.txt	2	2	0
ppe_0891_jpg.rf.ca4c320ca398e21e9f9428ff6eb364a6	train	labels/rf100_v2_000614.txt	5	5	0
ppe_0892_jpg.rf.0b1e73e49d4d32ad50ecfc99848f5605	train	labels/rf100_v2_000615.txt	2	2	0
ppe_0893_jpg.rf.69aab92a19d58f1a040eed2d5f6d1fc4	train	labels/rf100_v2_000616.txt	4	3	4
ppe_0896_jpg.rf.17284018a9e146c7b7e1d916e620e548	train	labels/rf100_v2_000617.txt	2	2	0
ppe_0897_jpg.rf.65a315620c30a707be6057f1ab2f0165	train	labels/rf100_v2_000618.txt	2	2	2
ppe_0898_jpg.rf.3b8d7e515e03abeb56b9e49073388037	train	labels/rf100_v2_000619.txt	2	2	0
ppe_0899_jpg.rf.c6ff3da35456e4e2aab804680ac18d09	train	labels/rf100_v2_000620.txt	5	4	2
ppe_0903_jpg.rf.261b3ae1fba5d321079427961b1294a2	train	labels/rf100_v2_000621.txt	1	1	1
ppe_0905_jpg.rf.a85172a7e577415c61ccfb0b9def370b	train	labels/rf100_v2_000622.txt	5	3	3
ppe_0906_jpg.rf.e7a592f3ff40d9f54020740c55ef043e	train	labels/rf100_v2_000623.txt	3	3	1
ppe_0907_jpg.rf.887613d9bc5824bc8c1d777fcc39576b	train	labels/rf100_v2_000624.txt	4	4	0
ppe_0908_jpg.rf.20ba0d1ca3208f1cfae4fba5f014cdc4	train	labels/rf100_v2_000625.txt	3	3	3
ppe_0909_jpg.rf.600b4b91572d69d2e2d5e4f20c940bf0	train	labels/rf100_v2_000626.txt	8	7	0
ppe_0910_jpg.rf.66e105e2e71f7c9e0019b230c060288a	train	labels/rf100_v2_000627.txt	4	4	0
ppe_0911_jpg.rf.f1e86318dfb6d9a67c58f0c9d4e20f65	train	labels/rf100_v2_000628.txt	3	2	0
ppe_0912_jpg.rf.0d71c7faac331155d62b3e225a0b9ada	train	labels/rf100_v2_000629.txt	7	7	5
ppe_0913_jpg.rf.e32676631644151a6c80594fa4ac0033	train	labels/rf100_v2_000630.txt	2	1	2
ppe_0914_jpg.rf.833d388448a4944e33c412fa2ae48aa3	train	labels/rf100_v2_000631.txt	1	1	1
ppe_0916_jpg.rf.f03a72737d305a0c37c975292c956337	train	labels/rf100_v2_000632.txt	2	2	2
ppe_0917_jpg.rf.223fe1e558673e7e86caa2e834008a9b	train	labels/rf100_v2_000633.txt	3	3	3
ppe_0919_jpg.rf.41d2e0a9f25f38ad82e383705626d19e	train	labels/rf100_v2_000634.txt	5	4	0
ppe_0922_jpg.rf.d52b272db62cf3ebce6e01339f742874	train	labels/rf100_v2_000635.txt	3	2	2
ppe_0923_jpg.rf.ac4ae2befbee8a3ac163db66e6e6ee5c	train	labels/rf100_v2_000636.txt	1	1	1
ppe_0925_jpg.rf.f1dfd2c235cafbaaa0e02f762c058dcb	train	labels/rf100_v2_000637.txt	2	2	0
ppe_0927_jpg.rf.7005b51278f201a316859e97d9cd9d14	train	labels/rf100_v2_000638.txt	2	2	2
ppe_0929_jpg.rf.1cb385787359d3f0a365d983e8be467b	train	labels/rf100_v2_000639.txt	4	4	3
ppe_0930_jpg.rf.378d2692c7782d830ff2996e5050e658	train	labels/rf100_v2_000640.txt	1	1	0
ppe_0932_jpg.rf.17eab1134af2baebb3bad98e8fa34eef	train	labels/rf100_v2_000641.txt	1	1	0
ppe_0933_jpg.rf.ca36c1e5de2aed5e8eb72a694dd1b41d	train	labels/rf100_v2_000642.txt	3	2	3
ppe_0934_jpg.rf.551d063d463e3dd360766ef3fff2f45f	train	labels/rf100_v2_000643.txt	3	3	2
ppe_0935_jpg.rf.407055f3cf594e61a0274eed51ea5da7	train	labels/rf100_v2_000644.txt	12	13	12
ppe_0936_jpg.rf.52576db1f227edba02aa19a304e4a8f5	train	labels/rf100_v2_000645.txt	3	3	3
ppe_0938_jpg.rf.8eec6bafd26fa5c343ddc765d6c22b9e	train	labels/rf100_v2_000646.txt	3	3	2
ppe_0940_jpg.rf.eb933497fbb3fd6e2b1957374b3606d8	train	labels/rf100_v2_000647.txt	2	2	2
ppe_0941_jpg.rf.5a5191551af94901104b08176c07393b	train	labels/rf100_v2_000648.txt	3	3	3
ppe_0942_jpg.rf.1d7bcb910b92c54e98e7963b5561482f	train	labels/rf100_v2_000649.txt	2	2	2
ppe_0943_jpg.rf.535af5cca49dd23438a39c62ee4b12e3	train	labels/rf100_v2_000650.txt	3	3	3
ppe_0945_jpg.rf.e90fda31f0fa300d2cc7ccb94bd2d70b	train	labels/rf100_v2_000651.txt	2	2	2
ppe_0946_jpg.rf.3c5a2b0d93e71cc52165ce3f8d4b8648	train	labels/rf100_v2_000652.txt	5	5	0
ppe_0947_jpg.rf.f873b0c5e956a7f2922b483121f8a3f5	train	labels/rf100_v2_000653.txt	4	4	0
ppe_0948_jpg.rf.b4913217aed83da5caf927dae044ca22	train	labels/rf100_v2_000654.txt	4	4	0
ppe_0949_jpg.rf.517ac5e763c37c8f9608c55d6c64387f	train	labels/rf100_v2_000655.txt	3	3	0
ppe_0950_jpg.rf.46b3d95eeaeb6924ff8fbb1e8744bdb9	train	labels/rf100_v2_000656.txt	1	1	0
ppe_0952_jpg.rf.bd60e78cffb424db938bb660952eec32	train	labels/rf100_v2_000657.txt	2	2	2
ppe_0953_jpg.rf.372c1c32302a2e18649045ac438af2e8	train	labels/rf100_v2_000658.txt	3	2	0
ppe_0954_jpg.rf.094946ccecd453897dc610f04b420b20	train	labels/rf100_v2_000659.txt	3	3	3
ppe_0955_jpg.rf.71692360648e949bf5fddf96f6e4890e	train	labels/rf100_v2_000660.txt	5	3	1
ppe_0957_jpg.rf.20fd9c2d63b8e606eca99697c8be6e1d	train	labels/rf100_v2_000661.txt	2	2	0
ppe_0959_jpg.rf.e814ef782d8270e956560daa84f3b911	train	labels/rf100_v2_000662.txt	7	7	0
ppe_0961_jpg.rf.6ab05b81fcb8e38addd2a20d758b5022	train	labels/rf100_v2_000663.txt	0	2	0
ppe_0962_jpg.rf.6fae7b9a45b5f2a38d71ced893451d9b	train	labels/rf100_v2_000664.txt	11	11	0
ppe_0967_jpg.rf.33437ca7a3c06d37f34e12413a3a5093	train	labels/rf100_v2_000665.txt	2	2	2
ppe_0968_jpg.rf.19b19e86e32079c097d66f9942669b20	train	labels/rf100_v2_000666.txt	2	2	0
ppe_0969_jpg.rf.826348a58916554edc558191322ddfa9	train	labels/rf100_v2_000667.txt	1	1	0
ppe_0970_jpg.rf.038612ce6a00784bfc7c128357bf5364	train	labels/rf100_v2_000668.txt	3	3	0
ppe_0971_jpg.rf.7a3fb2a23104c463fa736ce4534b2fcb	train	labels/rf100_v2_000669.txt	3	3	0
ppe_0972_jpg.rf.269f15a3a587b1ccaf3003e9cb02fc55	train	labels/rf100_v2_000670.txt	2	2	1
ppe_0973_jpg.rf.9fb1ac1d1ce3bed8f867b3ee3d3ebb85	train	labels/rf100_v2_000671.txt	2	2	0
ppe_0974_jpg.rf.750b18ed8a01aa34b9daf38a23e0e44e	train	labels/rf100_v2_000672.txt	3	3	2
ppe_0975_jpg.rf.6cb1e6078ffda5fe956ce411c711b501	train	labels/rf100_v2_000673.txt	2	2	0
ppe_0976_jpg.rf.6bb3d0d4e1a795bcc2878cdc09aebcb1	train	labels/rf100_v2_000674.txt	2	2	0
ppe_0977_jpg.rf.9a64a0b908b26fd0b2e4464fee10b04d	train	labels/rf100_v2_000675.txt	2	2	2
ppe_0979_jpg.rf.d45ac7fd5f8d28aefff88c5cbbe35e7f	train	labels/rf100_v2_000676.txt	1	1	0
ppe_0980_jpg.rf.5a200956eb140d16879bf024854a75d6	train	labels/rf100_v2_000677.txt	4	3	0
ppe_0983_jpg.rf.2096ab2420d43530f984c601ee58d399	train	labels/rf100_v2_000678.txt	5	5	6
ppe_0985_jpg.rf.8f74fa12bebd1abb2e5daae4374e9bda	train	labels/rf100_v2_000679.txt	3	3	3
ppe_0986_jpg.rf.cd3aca75c0c3c172eb88b23962ccefe8	train	labels/rf100_v2_000680.txt	3	3	1
ppe_0987_jpg.rf.c39698e77a442a0e0cdf0cc6d917213a	train	labels/rf100_v2_000681.txt	3	3	0
ppe_0988_jpg.rf.e095b92bfb56698f58a789d2aebe5bd8	train	labels/rf100_v2_000682.txt	3	3	0
ppe_0989_jpg.rf.34a8b373bf8bdcd073fe5bbd06c00e2b	train	labels/rf100_v2_000683.txt	4	4	0
ppe_0990_jpg.rf.3f040aeaccfb5f212b4cc5c7dd9f79ed	train	labels/rf100_v2_000684.txt	3	3	0
ppe_0991_jpg.rf.ddf74a75bb28f23d102f1f5a1a91ef86	train	labels/rf100_v2_000685.txt	3	3	3
ppe_0992_jpg.rf.22146d5b522f1926bead36b24796e791	train	labels/rf100_v2_000686.txt	3	3	3
ppe_0993_jpg.rf.b67bbf8cff7e45d8c3969562f4581c03	train	labels/rf100_v2_000687.txt	3	3	3
ppe_0994_jpg.rf.9ccbfd89b9534b506460418605eee69a	train	labels/rf100_v2_000688.txt	2	2	2
ppe_0995_jpg.rf.603a8950f75ffd75e903749da423a522	train	labels/rf100_v2_000689.txt	1	0	1
ppe_0996_jpg.rf.408198097a123dd96fc6b2db676c76b8	train	labels/rf100_v2_000690.txt	2	2	2
ppe_0998_jpg.rf.43a05ee366353ad2babd5e7ae6d2c64c	train	labels/rf100_v2_000691.txt	8	5	0
ppe_0999_jpg.rf.ee79c2f94ee328256fa9886421863c5f	train	labels/rf100_v2_000692.txt	3	3	0
ppe_1000_jpg.rf.c638a4ffed47c1444cc7d8955fdab83f	train	labels/rf100_v2_000693.txt	5	4	5
ppe_1001_jpg.rf.85e454ce17663a27bfa164acf44abfa5	train	labels/rf100_v2_000694.txt	1	1	1
ppe_1003_jpg.rf.a3b3cca34558aa2364d1e6a22b5c235e	train	labels/rf100_v2_000695.txt	3	3	0
ppe_1004_jpg.rf.85b1e36fe27c556859c83dc4de5ec4a2	train	labels/rf100_v2_000696.txt	1	1	0
ppe_1005_jpg.rf.301b2982d91b33474934f30802d84531	train	labels/rf100_v2_000697.txt	3	3	0
ppe_1006_jpg.rf.bbc6e2f5681432427938499db289678c	train	labels/rf100_v2_000698.txt	6	4	5
ppe_1007_jpg.rf.e9aaf76c79390174d744b5978055b2e5	train	labels/rf100_v2_000699.txt	8	7	1
ppe_1008_jpg.rf.db0956e29aaf6f3ad7bfb2b993f091ad	train	labels/rf100_v2_000700.txt	9	7	3
ppe_1009_jpg.rf.02cb641ca643c97f42feae889ed9099f	train	labels/rf100_v2_000701.txt	3	3	0
ppe_1010_jpg.rf.c3ecdfcaf79d1819950021347a201fc4	train	labels/rf100_v2_000702.txt	11	9	9
ppe_1011_jpg.rf.73b22f1bb1795449a1931ad3e7ff83e4	train	labels/rf100_v2_000703.txt	2	2	2
ppe_1012_jpg.rf.b84736dd09d8e7c6f4569c19a57ff5fc	train	labels/rf100_v2_000704.txt	1	1	1
ppe_1013_jpg.rf.f1859d4e21e64283b02a6ce889dfe62b	train	labels/rf100_v2_000705.txt	1	1	0
ppe_1014_jpg.rf.44ecacceb302a2868c858b6baffa506d	train	labels/rf100_v2_000706.txt	2	2	2
ppe_1015_jpg.rf.7ebbfe2e0bcfc96eae80bd96625df430	train	labels/rf100_v2_000707.txt	3	3	0
ppe_1016_jpg.rf.4b1b7b05e56107128f267b3280611a4f	train	labels/rf100_v2_000708.txt	1	1	1
ppe_1017_jpg.rf.a7e6da11ca84cd7c87f9c6ac55073a5e	train	labels/rf100_v2_000709.txt	6	6	0
ppe_1018_jpg.rf.52e186d4bbcdb575dbcb8886829132f3	train	labels/rf100_v2_000710.txt	1	1	1
ppe_1019_jpg.rf.8300edd00ac78525d6ad60c5930f336e	train	labels/rf100_v2_000711.txt	2	2	2
ppe_1020_jpg.rf.f2f3c293e78dfb268d6e599029501a25	train	labels/rf100_v2_000712.txt	4	4	4
ppe_1021_jpg.rf.1dd307b4164ebddbe3ddb8810537af08	train	labels/rf100_v2_000713.txt	2	2	2
ppe_1022_jpg.rf.59526c0242b0ace5cf47a330b82950a4	train	labels/rf100_v2_000714.txt	4	4	3
ppe_1023_jpg.rf.51ef022043e10b64644e24f902d3c293	train	labels/rf100_v2_000715.txt	4	2	2
ppe_1024_jpg.rf.4115f6a922e3ac71d79768ad84873dad	train	labels/rf100_v2_000716.txt	9	10	7
ppe_1025_jpg.rf.217f72892fa08b1193bda69a124efff1	train	labels/rf100_v2_000717.txt	2	2	0
ppe_1026_jpg.rf.711c4f72df12f6a759822de050579bf6	train	labels/rf100_v2_000718.txt	11	11	0
ppe_1027_jpg.rf.d357ef30a17c85239217c0d5fd6db5f5	train	labels/rf100_v2_000719.txt	8	7	9
ppe_1028_jpg.rf.7eb0c086ef5949596652de15b1ed2b3d	train	labels/rf100_v2_000720.txt	1	1	1
ppe_1029_jpg.rf.a99b03697908a2749a78147625e98906	train	labels/rf100_v2_000721.txt	1	3	1
ppe_1030_jpg.rf.9b74777bf89412eadffb7385d536bba5	train	labels/rf100_v2_000722.txt	6	0	4
ppe_1031_jpg.rf.e1873ba30fbec2b7cfce68fd34c6b769	train	labels/rf100_v2_000723.txt	2	2	2
ppe_1032_jpg.rf.55c38bbe8c67ee764315824bf36f9f3e	train	labels/rf100_v2_000724.txt	2	2	1
ppe_1033_jpg.rf.04d510e329af94209d3c2bbef9d2d2b2	train	labels/rf100_v2_000725.txt	2	2	0
ppe_1034_jpg.rf.a051428e6b6034700455786b2c2255f1	train	labels/rf100_v2_000726.txt	2	2	2
ppe_1035_jpg.rf.e1551e23666f9162c302de706084812b	train	labels/rf100_v2_000727.txt	7	4	5
ppe_1036_jpg.rf.589f81802baee2975bcf3c5479741277	train	labels/rf100_v2_000728.txt	4	3	0
ppe_1037_jpg.rf.d9b30843b772b015f74023efd9e9fded	train	labels/rf100_v2_000729.txt	2	2	0
ppe_1038_jpg.rf.c3d9c60cde010fb8c374d6830ec618c0	train	labels/rf100_v2_000730.txt	1	1	0
ppe_1039_jpg.rf.b462b9979960420f6a99cbe46f57cc79	train	labels/rf100_v2_000731.txt	2	2	2
ppe_1040_jpg.rf.d04f8e7ec924a259629c0b21b37ec91a	train	labels/rf100_v2_000732.txt	1	1	1
ppe_1041_jpg.rf.c60703bfe3f4bbaa6fd649daa897f123	train	labels/rf100_v2_000733.txt	1	1	0
ppe_1042_jpg.rf.cac708afe38be954ce8b679efc8c21dc	train	labels/rf100_v2_000734.txt	1	1	1
ppe_1043_jpg.rf.b1ff0f2cd7d5163b7c63664f85f08df1	train	labels/rf100_v2_000735.txt	1	0	0
ppe_1044_jpg.rf.42f3e1ff3e2ea7f4dddbde8056bdde54	train	labels/rf100_v2_000736.txt	1	1	1
ppe_1045_jpg.rf.b71169377458bb87b61375003a2eb76f	train	labels/rf100_v2_000737.txt	1	1	1
ppe_1046_jpg.rf.504a939434ac09c25f3e522ec723d314	train	labels/rf100_v2_000738.txt	2	2	0
ppe_1047_jpg.rf.d3552ad3fa8be521b26115e4918e6ddf	train	labels/rf100_v2_000739.txt	2	2	0
ppe_1049_jpg.rf.163381776bf23792cd1d0149295d6305	train	labels/rf100_v2_000740.txt	1	1	1
ppe_1050_jpg.rf.b02ba15e2596081bc6ab35fd6d07bc1a	train	labels/rf100_v2_000741.txt	1	1	0
ppe_1051_jpg.rf.753d6075ad91b8b7a9bf9afe78171c33	train	labels/rf100_v2_000742.txt	1	1	0
ppe_1052_jpg.rf.84c27c58454462b309336a43ede4cc69	train	labels/rf100_v2_000743.txt	2	1	1
ppe_1053_jpg.rf.91af8fcdcc275d22986a2592de23c15f	train	labels/rf100_v2_000744.txt	1	1	2
ppe_1054_jpg.rf.0384a71eab39dc3a5fea96d7bb4055e4	train	labels/rf100_v2_000745.txt	2	2	1
ppe_1056_jpg.rf.ffa6d9bda1045ddda801d6ccc727a116	train	labels/rf100_v2_000746.txt	2	2	2
ppe_1057_jpg.rf.d7f767b471d363e70f9de07a7e2b448a	train	labels/rf100_v2_000747.txt	2	2	1
ppe_1058_jpg.rf.54ffcb7be1697789c3ebdf8b86dd43ce	train	labels/rf100_v2_000748.txt	2	2	1
ppe_1059_jpg.rf.c81c8ee60795bb57f7b87f14c3e4c53f	train	labels/rf100_v2_000749.txt	3	2	2
ppe_1060_jpg.rf.d53d0c22e07f3b21e23914723b3a4983	train	labels/rf100_v2_000750.txt	4	4	0
ppe_1061_jpg.rf.61f26648af3c1abf19c16740c4df2a24	train	labels/rf100_v2_000751.txt	2	2	0
ppe_1062_jpg.rf.467dc3a7c2a3c4ba45cbba7da71a8172	train	labels/rf100_v2_000752.txt	1	1	1
ppe_1063_jpg.rf.7aac3a716499dcf7918bc9d22f881282	train	labels/rf100_v2_000753.txt	2	2	0
ppe_1064_jpg.rf.1a91bb2b5153c2aa78816eacf6e65441	train	labels/rf100_v2_000754.txt	1	1	0
ppe_1065_jpg.rf.5fb623e700bcccec44e680b79a482f14	train	labels/rf100_v2_000755.txt	1	1	0
ppe_1066_jpg.rf.d3d349e6d1211155ed724f2d51413554	train	labels/rf100_v2_000756.txt	3	3	0
ppe_1067_jpg.rf.69f1ac43d16943f93e4350e49b8da7e2	train	labels/rf100_v2_000757.txt	2	2	2
ppe_1068_jpg.rf.a4c4bede0034cbd626c2a63e967022ec	train	labels/rf100_v2_000758.txt	2	2	1
ppe_1069_jpg.rf.a796ef68ca281fe128b414b2e8ae54cb	train	labels/rf100_v2_000759.txt	1	1	0
ppe_1070_jpg.rf.e461e083f4d09554da0a1ca763637f0b	train	labels/rf100_v2_000760.txt	5	1	2
ppe_1071_jpg.rf.ed10bf9440d4b506ede9b7c3dc676878	train	labels/rf100_v2_000761.txt	6	6	6
ppe_1073_jpg.rf.788c2b15dec3d003ae2c96661a906be4	train	labels/rf100_v2_000762.txt	7	6	6
ppe_1075_jpg.rf.cea41d402fee2090795fb666dbb9ce15	train	labels/rf100_v2_000763.txt	10	6	6
ppe_1077_jpg.rf.812cfc1d26138237ef29c4c4049cad0d	train	labels/rf100_v2_000764.txt	5	5	5
ppe_1079_jpg.rf.da53fce02bb02334ad454fbebb9d7512	train	labels/rf100_v2_000765.txt	1	1	0
ppe_1081_jpg.rf.be49ca366bf5afa22245bbe692fd55ef	train	labels/rf100_v2_000766.txt	3	3	0
ppe_1082_jpg.rf.6a3da0cd8a137e30450f2e213d0fb81d	train	labels/rf100_v2_000767.txt	1	1	0
ppe_1083_jpg.rf.c1df85583744bb67be03634bf09cefdd	train	labels/rf100_v2_000768.txt	4	4	0
ppe_1084_jpg.rf.de6192af18a3478a3686d03d360420aa	train	labels/rf100_v2_000769.txt	2	2	0
ppe_1085_jpg.rf.00c421f814b23ddeedaf251dfe01f9f0	train	labels/rf100_v2_000770.txt	3	3	3
ppe_1086_jpg.rf.6fdfbad7dd074725fb85e048d1ad64c0	train	labels/rf100_v2_000771.txt	1	1	1
ppe_1087_jpg.rf.47e6c9c59236f5756ab430da9d75d94f	train	labels/rf100_v2_000772.txt	1	1	0
ppe_1088_jpg.rf.0677d677e865dd8198012e522e29087e	train	labels/rf100_v2_000773.txt	1	1	0
ppe_1089_jpg.rf.29fadf7ce93b4f4d71a85d70474b4ec7	train	labels/rf100_v2_000774.txt	1	1	0
ppe_1090_jpg.rf.3b12f59b508ebb7eb0fb522b372bb675	train	labels/rf100_v2_000775.txt	3	2	0
ppe_1093_jpg.rf.a2e7e7452a043292c22467190d0faa22	train	labels/rf100_v2_000776.txt	2	2	0
ppe_1094_jpg.rf.726613adabafbc17116c4dd52b56e835	train	labels/rf100_v2_000777.txt	5	5	5
ppe_1095_jpg.rf.a25320288c2d46bab2399635c3d2d80c	train	labels/rf100_v2_000778.txt	1	1	0
ppe_1097_jpg.rf.15bb7f09097cb68ffc0e12c342a37106	train	labels/rf100_v2_000779.txt	1	1	0
ppe_1098_jpg.rf.0602f1d1e16c1ed3c09069dd2f94f9ac	train	labels/rf100_v2_000780.txt	4	4	0
ppe_1099_jpg.rf.2413f9f840a365ec51dd5ae8a0d30b37	train	labels/rf100_v2_000781.txt	5	3	1
ppe_1101_jpg.rf.ccfb54588eeeddf2285d3a738d73da8b	train	labels/rf100_v2_000782.txt	1	1	1
ppe_1102_jpg.rf.3aa5007b511c19452dccd05210ffb2df	train	labels/rf100_v2_000783.txt	2	1	1
ppe_1103_jpg.rf.85d6687b9eaa7170f507671e7f76db07	train	labels/rf100_v2_000784.txt	1	1	0
ppe_1104_jpg.rf.d947794c9743d75ee325fa23d42b1b1f	train	labels/rf100_v2_000785.txt	7	5	0
ppe_1105_jpg.rf.805d57963750a82fc459b2dbedc19b84	train	labels/rf100_v2_000786.txt	1	1	1
ppe_1106_jpg.rf.14ef5f7aeadab5443e33b2be12223205	train	labels/rf100_v2_000787.txt	1	1	1
ppe_1107_jpg.rf.54640a2e5314b4fb788a1d600c7297d3	train	labels/rf100_v2_000788.txt	2	3	2
ppe_1108_jpg.rf.0075b17561eae504ccb6a01ec9001eab	train	labels/rf100_v2_000789.txt	12	13	0
ppe_1109_jpg.rf.9d962fccb3a1608698c26d5f526cec08	train	labels/rf100_v2_000790.txt	1	1	0
ppe_1110_jpg.rf.f18d5e7c1c5f29c9c7cd546b568b56c2	train	labels/rf100_v2_000791.txt	1	1	0
ppe_1111_jpg.rf.3b097e87688116de3d530a4c323a9409	train	labels/rf100_v2_000792.txt	1	1	0
ppe_1112_jpg.rf.c72d3833a0e90136aa10a1c7d53a5c90	train	labels/rf100_v2_000793.txt	1	1	0
ppe_1113_jpg.rf.e25ec3180448faa3b65bfaf3f50412bb	train	labels/rf100_v2_000794.txt	2	2	0
ppe_1115_jpg.rf.4189aba63cd2ad345e1d4dc4f20c1c3d	train	labels/rf100_v2_000795.txt	2	2	1
ppe_1116_jpg.rf.2975930357ecb06054706b018597f742	train	labels/rf100_v2_000796.txt	2	0	2
ppe_1117_jpg.rf.f9fdeb3656800c511ea3358643e15f1e	train	labels/rf100_v2_000797.txt	1	1	0
ppe_1118_jpg.rf.fc75b762c1252962e90f510da38d6e86	train	labels/rf100_v2_000798.txt	1	1	0
ppe_1119_jpg.rf.25537529792dd044f100f156a0ad5e57	train	labels/rf100_v2_000799.txt	1	1	0
ppe_1120_jpg.rf.98a2338e199507069616ed1f737240a0	train	labels/rf100_v2_000800.txt	1	1	0
ppe_1121_jpg.rf.ae473d7c1a17a76750de31b43c005280	train	labels/rf100_v2_000801.txt	1	1	0
ppe_1122_jpg.rf.9c99a361fc29eb106d7f7a7a88be7838	train	labels/rf100_v2_000802.txt	3	3	2
ppe_1123_jpg.rf.0bc80a4de0158b6de67b59aba8cad38a	train	labels/rf100_v2_000803.txt	2	2	0
ppe_1124_jpg.rf.7af0a41693974bb73cc0ad53fcb45d92	train	labels/rf100_v2_000804.txt	1	1	0
ppe_1125_jpg.rf.d234bf92fbd398b376de7a095937b528	train	labels/rf100_v2_000805.txt	1	1	0
ppe_1126_jpg.rf.38e177f6a055d34dce6bd6c29fca43bd	train	labels/rf100_v2_000806.txt	2	2	0
ppe_1127_jpg.rf.b62045e1850181e2e04d2bf61b1f4961	train	labels/rf100_v2_000807.txt	2	2	2
ppe_1128_jpg.rf.2ce750c829dfb37ab0a8c770995df1e5	train	labels/rf100_v2_000808.txt	1	1	0
ppe_1129_jpg.rf.b57d1258878a1387c2fe31731851d56b	train	labels/rf100_v2_000809.txt	4	4	3
ppe_1130_jpg.rf.c42addc0df3491259deb1eec167f42b9	train	labels/rf100_v2_000810.txt	1	1	1
ppe_1131_jpg.rf.5b5d6b7670e856213f7a14ad8f49c332	train	labels/rf100_v2_000811.txt	1	1	0
ppe_1132_jpg.rf.43feac702305d52dbec8460dd2cdc488	train	labels/rf100_v2_000812.txt	1	1	0
ppe_1133_jpg.rf.f6c6cb663618841ee23438905d073d35	train	labels/rf100_v2_000813.txt	2	2	0
ppe_1134_jpg.rf.706d6a2278c04454ad653a74261603fb	train	labels/rf100_v2_000814.txt	1	1	0
ppe_1135_jpg.rf.eb7bc7852abef565a9619570ac99dec2	train	labels/rf100_v2_000815.txt	3	3	0
ppe_1137_jpg.rf.5df491ea43190369cf3ba7ccd21d94be	train	labels/rf100_v2_000816.txt	1	1	0
ppe_1138_jpg.rf.43a788c43c295e7d76cdf22304c720f2	train	labels/rf100_v2_000817.txt	1	1	0
ppe_1139_jpg.rf.a226710c3df82ae21a9042976b2f9bfe	train	labels/rf100_v2_000818.txt	3	3	2
ppe_1140_jpg.rf.dd06cb4ebfd87077acc678215a50b872	train	labels/rf100_v2_000819.txt	4	3	2
ppe_1141_jpg.rf.487a3da2231b38c477fc06d8b41cb453	train	labels/rf100_v2_000820.txt	1	1	0
ppe_1142_jpg.rf.980d69e6c1e265844805b9dc83a70bc6	train	labels/rf100_v2_000821.txt	3	3	2
ppe_1143_jpg.rf.be93cb3afbc4058898b4da3660f0e389	train	labels/rf100_v2_000822.txt	2	0	2
ppe_1144_jpg.rf.919e48cb227727874ee260ae733e3475	train	labels/rf100_v2_000823.txt	1	1	0
ppe_1145_jpg.rf.fdf5d6d610e83dd8fcd2179e7893fd6f	train	labels/rf100_v2_000824.txt	2	2	0
ppe_1146_jpg.rf.e9aef493dfec6d3a29e8de749ba81eb4	train	labels/rf100_v2_000825.txt	2	2	0
ppe_1148_jpg.rf.8bd5ce8ef7d6c8fe496a10723329f754	train	labels/rf100_v2_000826.txt	2	2	1
ppe_1149_jpg.rf.3c353734a2c3145d13531e964192bdd1	train	labels/rf100_v2_000827.txt	1	1	1
ppe_1150_jpg.rf.5e2203c82f3b1fe6fb2c734e61a14546	train	labels/rf100_v2_000828.txt	5	5	0
ppe_1151_jpg.rf.0b563abcb67f55986ba11e5f0c95f5f9	train	labels/rf100_v2_000829.txt	1	1	0
ppe_1152_jpg.rf.02849e02851bab870ffe8f4106e32049	train	labels/rf100_v2_000830.txt	2	2	0
ppe_1153_jpg.rf.6ad9bf98c11a01b4d2bd8ccfb05acfa1	train	labels/rf100_v2_000831.txt	1	1	0
ppe_1155_jpg.rf.fd771ae7aaeecf1283f9952a760a404d	train	labels/rf100_v2_000832.txt	1	1	0
ppe_1156_jpg.rf.26b50179941da5e247ece5fe068b5f5c	train	labels/rf100_v2_000833.txt	3	3	3
ppe_1157_jpg.rf.d1358af9ea1f0aead2bbcfe028c098ed	train	labels/rf100_v2_000834.txt	2	2	2
ppe_1158_jpg.rf.9f6dd715499c3cfaa5ab8d8cda26fc30	train	labels/rf100_v2_000835.txt	2	2	1
ppe_1159_jpg.rf.22475ecd071698bf44fb6e8204fe6d52	train	labels/rf100_v2_000836.txt	2	2	0
ppe_1160_jpg.rf.4db394f05dc87d173836d7debf4905f2	train	labels/rf100_v2_000837.txt	3	3	3
ppe_1161_jpg.rf.2b76ed0fa7cb9373072b32980eb0cc39	train	labels/rf100_v2_000838.txt	1	1	0
ppe_1162_jpg.rf.bef297f0835696f046f075df8cae7e48	train	labels/rf100_v2_000839.txt	1	1	0
ppe_1163_jpg.rf.445b269a6283806af606c95afe25926c	train	labels/rf100_v2_000840.txt	4	4	0
ppe_1164_jpg.rf.c0b44a78a36f59d56ce8020881347708	train	labels/rf100_v2_000841.txt	6	6	6
ppe_1165_jpg.rf.b4969af7bd854dc6d24a29c27fc83a74	train	labels/rf100_v2_000842.txt	1	1	0
ppe_1166_jpg.rf.e176addbbac115febbb522aac99293b3	train	labels/rf100_v2_000843.txt	2	2	0
ppe_1168_jpg.rf.dbcc62db857a70102efda90dcf0a88dd	train	labels/rf100_v2_000844.txt	2	2	0
ppe_1169_jpg.rf.9e5db34be980697915e0e22d7dffb307	train	labels/rf100_v2_000845.txt	1	1	0
ppe_1170_jpg.rf.e48d0b5ecdc177906cf0b922f94d823f	train	labels/rf100_v2_000846.txt	1	1	1
ppe_1171_jpg.rf.7b3624de41e4ea5186e928e5d4f94eb9	train	labels/rf100_v2_000847.txt	2	2	2
ppe_1172_jpg.rf.4c0da21728f0c3b72306d89aa4f4fc85	train	labels/rf100_v2_000848.txt	2	2	0
ppe_1173_jpg.rf.285c4d320f123e89b538fe964e62e072	train	labels/rf100_v2_000849.txt	4	3	0
ppe_1174_jpg.rf.5d46fae13d0a802738bd0e086efc6cb1	train	labels/rf100_v2_000850.txt	1	1	0
ppe_1175_jpg.rf.09a7a52199d661c7b84c0f52c228f636	train	labels/rf100_v2_000851.txt	1	1	1
ppe_1176_jpg.rf.7fa14b32ee697176a173dd7a70c71174	train	labels/rf100_v2_000852.txt	2	2	2
ppe_1177_jpg.rf.ce8d575566561310f2f99e3046ff3b24	train	labels/rf100_v2_000853.txt	1	1	0
ppe_1179_jpg.rf.54120848b8712c9353571801eaff25e9	train	labels/rf100_v2_000854.txt	1	1	0
ppe_1180_jpg.rf.289571ce781936cd0d9b580be8c9146b	train	labels/rf100_v2_000855.txt	6	10	4
ppe_1181_jpg.rf.ae8e3fe6c665b8349206cd17f072c096	train	labels/rf100_v2_000856.txt	2	2	0
ppe_1182_jpg.rf.27ffdcd01eb71a1a749530a8aef35fec	train	labels/rf100_v2_000857.txt	1	1	0
ppe_1183_jpg.rf.7e96140a3dbde24bb3c2a0a586c44913	train	labels/rf100_v2_000858.txt	1	1	0
ppe_1184_jpg.rf.afc658272d71a6480f37817f66bece79	train	labels/rf100_v2_000859.txt	2	2	2
ppe_1185_jpg.rf.3058c0ab58f2de1a27e7427ae12fa214	train	labels/rf100_v2_000860.txt	1	1	1
ppe_1186_jpg.rf.ec83a51a63d9696eadd3cc771a8a37ca	train	labels/rf100_v2_000861.txt	2	3	2
ppe_1187_jpg.rf.498de4f1cc9d201bc795d64242f581a6	train	labels/rf100_v2_000862.txt	2	2	0
ppe_1188_jpg.rf.9c59147a2b879ec133afc3daf1873033	train	labels/rf100_v2_000863.txt	1	1	0
ppe_1189_jpg.rf.13d469b20f7eca3aed5b94465f2312ce	train	labels/rf100_v2_000864.txt	3	3	0
ppe_1190_jpg.rf.e89f57e8ea2a791e1b28b2c3d0e07575	train	labels/rf100_v2_000865.txt	3	0	2
ppe_1191_jpg.rf.87ca4c5cd77abac80c96cbc68fa4b813	train	labels/rf100_v2_000866.txt	3	2	0
ppe_1192_jpg.rf.732afd2b5e39b356264ddebed303f41d	train	labels/rf100_v2_000867.txt	3	2	0
ppe_1193_jpg.rf.cc24caeaa1a11db20365ce2be5b1d8d9	train	labels/rf100_v2_000868.txt	5	5	0
ppe_1194_jpg.rf.985ca6e29b004cc427ddc1dd422c3100	train	labels/rf100_v2_000869.txt	2	2	2
ppe_1195_jpg.rf.ec08fe9771f484640ada964845115fff	train	labels/rf100_v2_000870.txt	1	1	1
ppe_1196_jpg.rf.e9dc46d6908adae798891d6019bfd1d5	train	labels/rf100_v2_000871.txt	1	1	1
ppe_1197_jpg.rf.361d68b976c0cd36d132472cd047cebe	train	labels/rf100_v2_000872.txt	3	1	3
ppe_1200_jpg.rf.1920077927ac496e64da6c524728bb92	train	labels/rf100_v2_000873.txt	1	1	0
ppe_1201_jpg.rf.57787a851037f6cb765885a8b0cacb85	train	labels/rf100_v2_000874.txt	2	2	0
ppe_1202_jpg.rf.69463722bb5ec306a3777cd184926d39	train	labels/rf100_v2_000875.txt	1	1	1
ppe_1203_jpg.rf.3f0456112ece643ff4cef82c6361a8f2	train	labels/rf100_v2_000876.txt	2	2	2
ppe_1204_jpg.rf.5f6ece5becdbefa162b609b504d982d7	train	labels/rf100_v2_000877.txt	1	1	0
ppe_1205_jpg.rf.ef3bea0388ec708a76ee202890fc309f	train	labels/rf100_v2_000878.txt	1	1	0
ppe_1206_jpg.rf.964ed89c464871ee3c29687d63baa965	train	labels/rf100_v2_000879.txt	1	1	1
ppe_1207_jpg.rf.e92b17c048dc0bda66e231e6434809b4	train	labels/rf100_v2_000880.txt	2	2	2
ppe_1208_jpg.rf.f2da585cdb667ffff64ebc1408344f2d	train	labels/rf100_v2_000881.txt	5	3	0
ppe_1209_jpg.rf.d8e7878c247890ab62036002bd6af512	train	labels/rf100_v2_000882.txt	2	2	2
ppe_1210_jpg.rf.9781ef333a6b56455ef6bfbc7d8bffea	train	labels/rf100_v2_000883.txt	2	2	0
ppe_1211_jpg.rf.1e412739ee6ef3b0546c835d2e9480d5	train	labels/rf100_v2_000884.txt	5	5	3
ppe_1212_jpg.rf.219ca6a1a3c3d947044e6a3331730b81	train	labels/rf100_v2_000885.txt	4	3	2
ppe_1213_jpg.rf.c0f2d9cae534fa0b2ddf413a8a3a3c9f	train	labels/rf100_v2_000886.txt	1	1	1
ppe_1214_jpg.rf.b4e46fddcfc835e0178c75c2ac5dff96	train	labels/rf100_v2_000887.txt	1	1	1
ppe_1215_jpg.rf.a6e17820081bba1ba6a3b9e719a258c6	train	labels/rf100_v2_000888.txt	2	2	0
ppe_1216_jpg.rf.5d8533db894b0b01f1b08441b23c95b3	train	labels/rf100_v2_000889.txt	4	3	0
ppe_1217_jpg.rf.973794df0325152a329745d45a73dacf	train	labels/rf100_v2_000890.txt	4	4	3
ppe_1218_jpg.rf.00306fb8be72e792d7c90b1e387cc043	train	labels/rf100_v2_000891.txt	5	0	0
ppe_1219_jpg.rf.2081029d09810c0f2eab928688718f10	train	labels/rf100_v2_000892.txt	1	1	1
ppe_1220_jpg.rf.a5859aa1752ab13414fde36b789277c0	train	labels/rf100_v2_000893.txt	1	0	0
ppe_1221_jpg.rf.0ccc9e694ae74c93b0a53010a77f7cad	train	labels/rf100_v2_000894.txt	1	1	0
ppe_1222_jpg.rf.48a597288edf1a643fd25e3b117205d2	train	labels/rf100_v2_000895.txt	2	2	0
ppe_1223_jpg.rf.d6ffd64e022bd373f1c582826aa673cb	train	labels/rf100_v2_000896.txt	2	2	0
ppe_1224_jpg.rf.dce4b4f5fa4d4c7d341e1f8717dcfd53	train	labels/rf100_v2_000897.txt	5	5	0
ppe_1225_jpg.rf.215ea07d7a3be98b87d2b37da4fa80b1	train	labels/rf100_v2_000898.txt	2	2	0
ppe_1226_jpg.rf.eca5c0769642ee0dcab9fb9a39ff214c	train	labels/rf100_v2_000899.txt	1	1	0
ppe_1227_jpg.rf.ddf699f7bb18dbf9d41670b6f8adedee	train	labels/rf100_v2_000900.txt	3	3	3
ppe_1228_jpg.rf.fb9b82bff67f3b3d5e9b00f7913a8cef	train	labels/rf100_v2_000901.txt	1	1	0
ppe_1229_jpg.rf.fbf4bc4bfcc8656e58470c845687c07b	train	labels/rf100_v2_000902.txt	4	4	3
ppe_1230_jpg.rf.f7aa58869c3213b080ea02d59cb4dc4d	train	labels/rf100_v2_000903.txt	6	5	5
ppe_1231_jpg.rf.80889f82514ffd3b9e212c0c31f7f329	train	labels/rf100_v2_000904.txt	1	1	0
ppe_1232_jpg.rf.e34ef022be0aef9249a3e2e89b022c55	train	labels/rf100_v2_000905.txt	3	0	0
ppe_1233_jpg.rf.963537d6c57a2392d412a662d0a1fadd	train	labels/rf100_v2_000906.txt	2	2	0
ppe_1234_jpg.rf.1ead41c2d68debef3fb9a35126853f53	train	labels/rf100_v2_000907.txt	1	1	0
ppe_1235_jpg.rf.63117df6b35b535f2c5eb5fec51c07ea	train	labels/rf100_v2_000908.txt	0	2	0
ppe_1236_jpg.rf.e8a3fc7bee21d4a55601c40618e02596	train	labels/rf100_v2_000909.txt	3	3	3
ppe_1237_jpg.rf.d15a3dea4ae84810da2ed685812081b1	train	labels/rf100_v2_000910.txt	4	3	0
ppe_1239_jpg.rf.63c047d564b05463ea4e5e5976562c0c	train	labels/rf100_v2_000911.txt	4	3	3
ppe_1240_jpg.rf.9ee6d1e595314b2db2aa624cb5ccf194	train	labels/rf100_v2_000912.txt	2	2	0
ppe_1241_jpg.rf.ec20f960c830dd4c4e14ad496423b9ef	train	labels/rf100_v2_000913.txt	1	1	0
ppe_1242_jpg.rf.76c0ad5efb56a71c9d49ab041578d739	train	labels/rf100_v2_000914.txt	1	1	0
ppe_1243_jpg.rf.c9fb9858f6b8577495023509024c28d5	train	labels/rf100_v2_000915.txt	3	3	0
ppe_1244_jpg.rf.6007d724c0f6c356168abbf83376b39a	train	labels/rf100_v2_000916.txt	3	5	0
ppe_1245_jpg.rf.9fc6ad7b58e0d408d548f814af920aee	train	labels/rf100_v2_000917.txt	4	2	0
ppe_1246_jpg.rf.cb980e3a2bd9848c7c980c68eb958e1c	train	labels/rf100_v2_000918.txt	3	5	0
ppe_1247_jpg.rf.aed0ea56f5540972e9138413f53cdf67	train	labels/rf100_v2_000919.txt	2	0	0
ppe_1248_jpg.rf.f98c92f155d9750cd8b743fda4de50b1	train	labels/rf100_v2_000920.txt	4	4	0
ppe_1249_jpg.rf.df960865e219c12b5c68ec90bb64c78e	train	labels/rf100_v2_000921.txt	1	1	1
ppe_1250_jpg.rf.02e867f97426c38a8107aecc056cf1a3	train	labels/rf100_v2_000922.txt	5	5	0
ppe_1251_jpg.rf.48e07eaeca445bce4d05e9395a703a23	train	labels/rf100_v2_000923.txt	5	5	0
ppe_1252_jpg.rf.35470c0a729e60407b42d585f3baca9a	train	labels/rf100_v2_000924.txt	5	0	5
ppe_1254_jpg.rf.282ac00e48da62e10ad24275f0f738d3	train	labels/rf100_v2_000925.txt	5	7	0
ppe_1255_jpg.rf.8b60a5662ba0e9fe4bde76b4b64be007	train	labels/rf100_v2_000926.txt	4	3	0
ppe_1256_jpg.rf.0264912bef9ff5369e48af09f17d41e4	train	labels/rf100_v2_000927.txt	2	2	2
ppe_1257_jpg.rf.12863d8d1d99984be558f7600a3575eb	train	labels/rf100_v2_000928.txt	4	4	0
ppe_1258_jpg.rf.8ae85d97b41abf4b774db048d138aa0f	train	labels/rf100_v2_000929.txt	4	0	3
ppe_1259_jpg.rf.f58166f32108368212791fb32f553725	train	labels/rf100_v2_000930.txt	5	0	0
ppe_1260_jpg.rf.797c44ad6ff7d87c38a3f2bae4963397	train	labels/rf100_v2_000931.txt	4	4	4
ppe_1261_jpg.rf.6067674f36e588ee08590f3935af0f7d	train	labels/rf100_v2_000932.txt	3	3	3
ppe_1262_jpg.rf.282787b687bee1fb697908caca25587b	train	labels/rf100_v2_000933.txt	2	2	0
ppe_1263_jpg.rf.52434b9ddea0160db980e0ec6928e7ae	train	labels/rf100_v2_000934.txt	1	1	0
ppe_1264_jpg.rf.c812bbf76c71ccd2b63e6a4ea8b6999a	train	labels/rf100_v2_000935.txt	3	3	0
ppe_1265_jpg.rf.6fa40787ded465d9f41935e190225baf	train	labels/rf100_v2_000936.txt	1	1	1
ppe_1266_jpg.rf.423e013976b928e22cddbab426106b25	train	labels/rf100_v2_000937.txt	1	1	1
ppe_1267_jpg.rf.18f9a1303d80f9ce1455ee6a201cf5ec	train	labels/rf100_v2_000938.txt	5	4	0
ppe_1268_jpg.rf.01472688ce86504ae5189942cecddda2	train	labels/rf100_v2_000939.txt	1	1	1
ppe_1269_jpg.rf.f7c974d4a9a48b70cf911d02f1805492	train	labels/rf100_v2_000940.txt	3	3	0
ppe_1270_jpg.rf.153682b92eb118fe97c042bf6d216595	train	labels/rf100_v2_000941.txt	2	2	0
ppe_1271_jpg.rf.4927adf1e179aa506705f10bbcdb769d	train	labels/rf100_v2_000942.txt	2	2	0
ppe_1272_jpg.rf.1100b7f7790c5292d5f35facb92ec702	train	labels/rf100_v2_000943.txt	1	1	0
ppe_1273_jpg.rf.574a2b6a34d9e68ae49860ef1ae5c724	train	labels/rf100_v2_000944.txt	2	2	0
ppe_1274_jpg.rf.54cf1258c2755de7657e2dfd7583f6db	train	labels/rf100_v2_000945.txt	5	2	0
ppe_1275_jpg.rf.d5e86d9edad913daa77ffb568c5ee774	train	labels/rf100_v2_000946.txt	4	4	3
ppe_1276_jpg.rf.3aeb51d2e07df5bb192581c9b3e213bd	train	labels/rf100_v2_000947.txt	5	4	0
ppe_1277_jpg.rf.7fd112784aea67fe5641368fe128ca1c	train	labels/rf100_v2_000948.txt	2	2	0
ppe_1278_jpg.rf.2ab40d99a1c2c5a4f1f2bbeed6c8f9b7	train	labels/rf100_v2_000949.txt	1	1	0
ppe_1279_jpg.rf.f34a9a2945594bfd4e94e58b622763dc	train	labels/rf100_v2_000950.txt	5	5	0
ppe_1280_jpg.rf.18e622dc1da5b5d1ad141726c3fadb99	train	labels/rf100_v2_000951.txt	1	1	0
ppe_1281_jpg.rf.0902ac49cd5bd8179cefcd0a0b430dcf	train	labels/rf100_v2_000952.txt	4	5	0
ppe_1282_jpg.rf.eb45f1c09db52a684aa7612db4d49e7a	train	labels/rf100_v2_000953.txt	1	0	1
ppe_1283_jpg.rf.8e4897f26fd6614006aafa43274f0524	train	labels/rf100_v2_000954.txt	1	1	1
ppe_1284_jpg.rf.99318f8bc68b10487c2aea091fc0583f	train	labels/rf100_v2_000955.txt	4	4	0
ppe_1285_jpg.rf.60e937099fe033eae5712ccd84a1428e	train	labels/rf100_v2_000956.txt	5	4	0
ppe_1286_jpg.rf.b7734910ecb8e3ad5d405cdc820b44a5	train	labels/rf100_v2_000957.txt	1	1	1
ppe_1287_jpg.rf.5d1e8e88d5c11c387ee3e8f794741c9c	train	labels/rf100_v2_000958.txt	2	2	1
ppe_1289_jpg.rf.e7c256e897343ce9a8a7859c2ff46422	train	labels/rf100_v2_000959.txt	1	1	0
ppe_1290_jpg.rf.fd4b78ba90ad50abd53def116509647f	train	labels/rf100_v2_000960.txt	3	3	0
ppe_1291_jpg.rf.699fcc2dd837b4ed9634576eb63ed875	train	labels/rf100_v2_000961.txt	1	1	1
ppe_1292_jpg.rf.1427ed622cc517ba4b6dbcca7b34070e	train	labels/rf100_v2_000962.txt	4	4	1
ppe_1293_jpg.rf.3397eab8d0ed6f9474fe517328a596f3	train	labels/rf100_v2_000963.txt	6	3	5
ppe_1294_jpg.rf.c42e12a1792b0ba46cc586094d97205c	train	labels/rf100_v2_000964.txt	5	4	0
ppe_1295_jpg.rf.20dff57aabe3d5e57b601dd5df3ca3b9	train	labels/rf100_v2_000965.txt	4	2	0
ppe_1296_jpg.rf.a05ee549fcc7d12450630bbf4d8d5b66	train	labels/rf100_v2_000966.txt	3	2	0
ppe_1297_jpg.rf.47adf9680acbdff1c13c60027a02e2fb	train	labels/rf100_v2_000967.txt	3	3	0
ppe_1298_jpg.rf.95b7d8c22641120df302c58a10d6afcd	train	labels/rf100_v2_000968.txt	7	5	4
ppe_1299_jpg.rf.e6a49c26dc19cafbebac79b8087740df	train	labels/rf100_v2_000969.txt	3	2	3
ppe_1300_jpg.rf.a090b1e1b61f39d7b2195ec05bbf1795	train	labels/rf100_v2_000970.txt	5	0	0
ppe_1301_jpg.rf.970b0a4fa99883e9e6346c966c901b0e	train	labels/rf100_v2_000971.txt	5	5	5
ppe_1302_jpg.rf.1b5de675c5e6af2f563366ce63b6afeb	train	labels/rf100_v2_000972.txt	2	0	2
ppe_1304_jpg.rf.40d31af52f6e5ac76ebcc6bc63f14379	train	labels/rf100_v2_000973.txt	3	3	0
ppe_1305_jpg.rf.4191c62256e3c1a268d097218c574b4a	train	labels/rf100_v2_000974.txt	7	7	0
ppe_1306_jpg.rf.c2068830891e60b52c2aa9a1c1847b78	train	labels/rf100_v2_000975.txt	2	3	0
ppe_1307_jpg.rf.e31f68768dba533195def051ea0bcd86	train	labels/rf100_v2_000976.txt	3	3	0
ppe_1308_jpg.rf.3743279ced56b078c13eb53ca1d6af6a	train	labels/rf100_v2_000977.txt	1	1	0
ppe_1309_jpg.rf.d44177e42208f6efb64dded41676e548	train	labels/rf100_v2_000978.txt	1	1	0
ppe_1311_jpg.rf.903574d3b970b5f89455a2cbf2bd470f	train	labels/rf100_v2_000979.txt	2	2	0
ppe_1312_jpg.rf.a5637e6985e1bb1dbb31baa6c47d3923	train	labels/rf100_v2_000980.txt	1	1	0
ppe_1313_jpg.rf.0465a15858d3f3c8830fed74d85c2d43	train	labels/rf100_v2_000981.txt	1	1	0
ppe_1314_jpg.rf.2b7b87ae32fda709ab689c3d2e64458c	train	labels/rf100_v2_000982.txt	2	2	0
ppe_1315_jpg.rf.fee1f2d3a3b5e0d8c2a28a4bc1194120	train	labels/rf100_v2_000983.txt	3	2	0
ppe_1316_jpg.rf.61337fd877ee490aaee23dedbce55b5d	train	labels/rf100_v2_000984.txt	1	1	1
ppe_1317_jpg.rf.571655da17732b63a849878d076c9658	train	labels/rf100_v2_000985.txt	3	3	0
ppe_1318_jpg.rf.668bf33583f9eec7d4279ad476d032bf	train	labels/rf100_v2_000986.txt	1	1	0
ppe_1319_jpg.rf.8f5bc555148d884cd6d3eef0ddae9b4c	train	labels/rf100_v2_000987.txt	7	6	2
ppe_1320_jpg.rf.b31832cc67d315c2c670eb3fd8656be5	train	labels/rf100_v2_000988.txt	4	2	0
ppe_1321_jpg.rf.e78d6aa766921179422137518a121077	train	labels/rf100_v2_000989.txt	9	9	0
ppe_1322_jpg.rf.39c3d62815918295e0dc75595f84ea19	train	labels/rf100_v2_000990.txt	5	0	3
ppe_1323_jpg.rf.793ca5235bc094f10e77831dd3d0f918	train	labels/rf100_v2_000991.txt	2	1	1
ppe_1324_jpg.rf.3c2c2accc07991e6fe9029ffe6c4f069	train	labels/rf100_v2_000992.txt	1	1	0
ppe_1325_jpg.rf.be189b97b4661483ffe85adb922189ee	train	labels/rf100_v2_000993.txt	3	3	3
ppe_1326_jpg.rf.5cf36959482eecd24a430307c73ac195	train	labels/rf100_v2_000994.txt	2	2	0
ppe_1327_jpg.rf.43bf6ea7a956b5753baf06322026deba	train	labels/rf100_v2_000995.txt	9	7	9
ppe_1328_jpg.rf.740df2a101f90ca866872f16969b72c4	train	labels/rf100_v2_000996.txt	10	10	0
ppe_1329_jpg.rf.7caabf0522deee71b0ef817a5ff8f060	train	labels/rf100_v2_000997.txt	1	1	1
ppe_0006_jpg.rf.c30b65b71e733ddc7e2ab9b9aa0283b2	valid	labels/rf100_v2_000998.txt	2	2	1
ppe_0021_jpg.rf.64d91fac2a98c12151f9709a72c42292	valid	labels/rf100_v2_000999.txt	3	2	1
ppe_0024_jpg.rf.90ff5b26ededea273809f45f9f6ffa13	valid	labels/rf100_v2_001000.txt	2	1	2
ppe_0032_jpg.rf.8abb264496e4547792a40bd65280ce2e	valid	labels/rf100_v2_001001.txt	1	1	0
ppe_0036_jpg.rf.144b7b30870ec78ca13373992e574c61	valid	labels/rf100_v2_001002.txt	1	1	0
ppe_0042_jpg.rf.0d67f6e82bfae39684166158f6a09b49	valid	labels/rf100_v2_001003.txt	1	1	1
ppe_0043_jpg.rf.7128b287dda8c57b2a4bc6c9ba7a5834	valid	labels/rf100_v2_001004.txt	1	1	0
ppe_0056_jpg.rf.c0fbb87a6bcd4e8142d4ef96a1b5aede	valid	labels/rf100_v2_001005.txt	1	1	1
ppe_0062_jpg.rf.2b512ee0b561e28b1397dd129b3314ea	valid	labels/rf100_v2_001006.txt	0	1	0
ppe_0069_jpg.rf.efde105c8a24a495e7bf53fc76c1b432	valid	labels/rf100_v2_001007.txt	1	1	0
ppe_0072_jpg.rf.d4186e19b186e5bd4ac40a7ed2ec9be5	valid	labels/rf100_v2_001008.txt	1	1	0
ppe_0073_jpg.rf.c7f98911e188620c900856318b7589c1	valid	labels/rf100_v2_001009.txt	2	2	0
ppe_0078_jpg.rf.b7ca74d8af221bffe38ddbdd4a8e638a	valid	labels/rf100_v2_001010.txt	1	1	0
ppe_0079_jpg.rf.9e850ccc74cade6c0989da30e0fac2ca	valid	labels/rf100_v2_001011.txt	3	3	2
ppe_0082_jpg.rf.0ea7ae32b56f9b20550da5490bd68a83	valid	labels/rf100_v2_001012.txt	1	1	0
ppe_0084_jpg.rf.d08ef46bee49ce1a34fea9c16928c515	valid	labels/rf100_v2_001013.txt	3	3	3
ppe_0087_jpg.rf.df578e536725b4eb7e59498f490cb541	valid	labels/rf100_v2_001014.txt	1	1	1
ppe_0089_jpg.rf.9d060c755050e9baecc8b4abf2f15df0	valid	labels/rf100_v2_001015.txt	2	1	2
ppe_0090_jpg.rf.4b2eda671cc01c7384127890831d6ef2	valid	labels/rf100_v2_001016.txt	2	2	2
ppe_0102_jpg.rf.91d97762b34d9d9de18655f5828c21c0	valid	labels/rf100_v2_001017.txt	1	1	1
ppe_0122_jpg.rf.52ce335c44e8bd742a274772562ee4d8	valid	labels/rf100_v2_001018.txt	2	2	2
ppe_0129_jpg.rf.0674af835a5f30e5bcd981f8708c96d5	valid	labels/rf100_v2_001019.txt	4	3	3
ppe_0132_jpg.rf.954b5af080f645eecae15c34adda49a3	valid	labels/rf100_v2_001020.txt	0	2	0
ppe_0142_jpg.rf.e5718ab162f691745c5f0ee73f784959	valid	labels/rf100_v2_001021.txt	2	2	2
ppe_0145_jpg.rf.b735711a683ed1743eaa76f15756e5a5	valid	labels/rf100_v2_001022.txt	1	1	1
ppe_0156_jpg.rf.4cb7e9ae06dc52ef58fa54e23ef407be	valid	labels/rf100_v2_001023.txt	3	3	3
ppe_0164_jpg.rf.4eb4cc89b210067a2a28f63e61faa2ba	valid	labels/rf100_v2_001024.txt	8	2	0
ppe_0166_jpg.rf.e8369f90d568359879c4de0220d42c00	valid	labels/rf100_v2_001025.txt	4	4	0
ppe_0167_jpg.rf.0a3053a53566dbd936631c1fe98e2f7a	valid	labels/rf100_v2_001026.txt	1	1	1
ppe_0170_jpg.rf.a57d378e999e86eadd808ca08cd0fb90	valid	labels/rf100_v2_001027.txt	1	1	0
ppe_0182_jpg.rf.4a05ba832452c0e95d150fffc4bf4b8a	valid	labels/rf100_v2_001028.txt	1	1	1
ppe_0184_jpg.rf.12a519f76c21a28b5c41fcebd53dc39a	valid	labels/rf100_v2_001029.txt	1	1	1
ppe_0199_jpg.rf.92ce677ab1c054ebd9c18dc5723d8210	valid	labels/rf100_v2_001030.txt	1	3	0
ppe_0210_jpg.rf.004e716dc83951779938495e92c19b1d	valid	labels/rf100_v2_001031.txt	1	1	0
ppe_0211_jpg.rf.2c8cc190b8a7be9e332e201c5ccd287a	valid	labels/rf100_v2_001032.txt	1	1	0
ppe_0214_jpg.rf.f4b4df241ba6a0611c3558b8b3065607	valid	labels/rf100_v2_001033.txt	1	1	1
ppe_0216_jpg.rf.8e0bb224fadcf1b19dc3c74cebde92ad	valid	labels/rf100_v2_001034.txt	2	2	2
ppe_0218_jpg.rf.53c88019e4d9e01d9437451bba2e22dd	valid	labels/rf100_v2_001035.txt	4	0	4
ppe_0220_jpg.rf.c605b1d4d45914ea350724c777a66424	valid	labels/rf100_v2_001036.txt	1	1	1
ppe_0227_jpg.rf.b93352f2ef84b99dcf761f1243157716	valid	labels/rf100_v2_001037.txt	1	1	0
ppe_0231_jpg.rf.820b3a785f4a50cc07b8f28c72ff49b3	valid	labels/rf100_v2_001038.txt	3	3	2
ppe_0237_jpg.rf.d1f27b7d4901ffcc3648b00b47754ac3	valid	labels/rf100_v2_001039.txt	1	1	1
ppe_0246_jpg.rf.b1e0a5a27b18643216709faed0216205	valid	labels/rf100_v2_001040.txt	4	4	0
ppe_0251_jpg.rf.faad89c9a73bab6d17b13cc42c1891dc	valid	labels/rf100_v2_001041.txt	1	1	1
ppe_0254_jpg.rf.266363698fb307e93fc0bea0d6827ebc	valid	labels/rf100_v2_001042.txt	1	1	0
ppe_0260_jpg.rf.4440818642b084109e540fca9b75f449	valid	labels/rf100_v2_001043.txt	18	16	8
ppe_0279_jpg.rf.31e4ed2686db10f610e0bbdab65905c9	valid	labels/rf100_v2_001044.txt	1	1	1
ppe_0281_jpg.rf.451cf366cf168dbc94bac07a238d2d9f	valid	labels/rf100_v2_001045.txt	2	2	2
ppe_0282_jpg.rf.d662472f5b73375740f2bfed38afb751	valid	labels/rf100_v2_001046.txt	4	4	4
ppe_0286_jpg.rf.7eb54a4b4a548bb51ed5c60ed60a2893	valid	labels/rf100_v2_001047.txt	1	1	1
ppe_0289_jpg.rf.f788c2ad72ba269fec5db9415074aba6	valid	labels/rf100_v2_001048.txt	1	1	1
ppe_0296_jpg.rf.c10c203e91a63db3d0bcee427b525077	valid	labels/rf100_v2_001049.txt	2	2	0
ppe_0303_jpg.rf.410623ead6d74ae1ef769667e322908f	valid	labels/rf100_v2_001050.txt	3	3	3
ppe_0306_jpg.rf.20f1a1e56eb5b6c56fe5f195634a2cbf	valid	labels/rf100_v2_001051.txt	3	1	3
ppe_0312_jpg.rf.34cb5ad397e529b9123e67c6c01735fe	valid	labels/rf100_v2_001052.txt	1	1	0
ppe_0323_jpg.rf.095513f1277357ff931cba50c2e9133d	valid	labels/rf100_v2_001053.txt	2	2	0
ppe_0328_jpg.rf.1901f22bbfdae4c67c58ea8b3c0a8277	valid	labels/rf100_v2_001054.txt	4	4	4
ppe_0332_jpg.rf.1a3bea5ef9ecb1241357be9c73cc68d2	valid	labels/rf100_v2_001055.txt	1	1	1
ppe_0334_jpg.rf.9da0628054f5fc8ad6135da9e411c75b	valid	labels/rf100_v2_001056.txt	2	2	1
ppe_0359_jpg.rf.df4434320d001ac63a33358f45ecda5e	valid	labels/rf100_v2_001057.txt	1	1	1
ppe_0362_jpg.rf.7a08bb85094c49cea6e61eb4102cfac0	valid	labels/rf100_v2_001058.txt	2	2	2
ppe_0363_jpg.rf.f124c43f05817df70f1a5bdcf4f6653b	valid	labels/rf100_v2_001059.txt	1	1	0
ppe_0364_jpg.rf.a2c101078b466139120ea5d62a749101	valid	labels/rf100_v2_001060.txt	1	1	1
ppe_0365_jpg.rf.0cc1c615af1ffaf353b78dd26dab1b48	valid	labels/rf100_v2_001061.txt	1	1	0
ppe_0370_jpg.rf.a1c6073983e7b23429982d8f9ccb1e7a	valid	labels/rf100_v2_001062.txt	1	1	0
ppe_0376_jpg.rf.61b2ceed21b54561361d8c9e53982df8	valid	labels/rf100_v2_001063.txt	1	1	0
ppe_0379_jpg.rf.5d53cabc0f6eca33512e18a0364f5ee5	valid	labels/rf100_v2_001064.txt	3	3	0
ppe_0380_jpg.rf.ec2d1eb500861ad37260bbdbc12f45a7	valid	labels/rf100_v2_001065.txt	3	3	3
ppe_0384_jpg.rf.5810c781c895f729060c1a7cd4434436	valid	labels/rf100_v2_001066.txt	4	3	4
ppe_0386_jpg.rf.0b7688fe9274c200f9237b49845ab686	valid	labels/rf100_v2_001067.txt	1	1	0
ppe_0390_jpg.rf.8422064279871d933ccf488cd00b0716	valid	labels/rf100_v2_001068.txt	1	1	1
ppe_0392_jpg.rf.a6cb7882f1c6cbc869f336884bffaa5f	valid	labels/rf100_v2_001069.txt	1	1	1
ppe_0393_jpg.rf.c25420df18f390a38c97961b24055b0e	valid	labels/rf100_v2_001070.txt	1	1	0
ppe_0396_jpg.rf.3f938bf7e61cba63d340eaa23523d0e5	valid	labels/rf100_v2_001071.txt	2	2	1
ppe_0399_jpg.rf.081576a3c6671a22279ad7e3354cee0c	valid	labels/rf100_v2_001072.txt	1	1	0
ppe_0415_jpg.rf.bc49542e0cac0ff39f437230b69e2d09	valid	labels/rf100_v2_001073.txt	1	1	1
ppe_0418_jpg.rf.7a9500e95f172f05500ec10772324903	valid	labels/rf100_v2_001074.txt	3	3	3
ppe_0423_jpg.rf.d6a2cb4d13af4aad679404a4b086f921	valid	labels/rf100_v2_001075.txt	2	2	2
ppe_0426_jpg.rf.263dbc5cb1185894078a8e3ce49903e5	valid	labels/rf100_v2_001076.txt	2	2	2
ppe_0435_jpg.rf.254efdbe11791ab32105c2043fdc3d17	valid	labels/rf100_v2_001077.txt	2	2	0
ppe_0438_jpg.rf.44af2ea33047a29f5bcb3980961267cd	valid	labels/rf100_v2_001078.txt	1	1	1
ppe_0439_jpg.rf.3f70e64087cb35e4b029c2a166e20ef7	valid	labels/rf100_v2_001079.txt	1	1	0
ppe_0440_jpg.rf.cd7aced9f4a81c44841182fa80483f91	valid	labels/rf100_v2_001080.txt	3	3	0
ppe_0441_jpg.rf.2adbae714ba4b047a45c9bef6e676a1f	valid	labels/rf100_v2_001081.txt	1	0	1
ppe_0447_jpg.rf.348f6547eab15c6283baf80fd9e97db1	valid	labels/rf100_v2_001082.txt	1	1	0
ppe_0448_jpg.rf.3bf3662674e58ba24297bd79c8c44b12	valid	labels/rf100_v2_001083.txt	2	2	2
ppe_0449_jpg.rf.f4aee4725fcc7cbea5aa0bb27d0b3e30	valid	labels/rf100_v2_001084.txt	3	3	3
ppe_0452_jpg.rf.d1d7e456b0cbe900d5afaff5968fd449	valid	labels/rf100_v2_001085.txt	1	1	0
ppe_0468_jpg.rf.13f37959d897a467b9c8839af12d5fa5	valid	labels/rf100_v2_001086.txt	3	3	3
ppe_0473_jpg.rf.549b57b9c1c4d4b8e6d4b1f681a67f7d	valid	labels/rf100_v2_001087.txt	3	3	3
ppe_0480_jpg.rf.98de725acc2698663b2af8d15d8ac626	valid	labels/rf100_v2_001088.txt	1	1	1
ppe_0483_jpg.rf.8c9bcded61f4ac06fa044997fedd89b8	valid	labels/rf100_v2_001089.txt	1	1	1
ppe_0487_jpg.rf.61084e70ed5cf1809c34c24d46f4d905	valid	labels/rf100_v2_001090.txt	2	2	1
ppe_0488_jpg.rf.62f2e2a9ab6abb06832087bae62c654a	valid	labels/rf100_v2_001091.txt	1	1	1
ppe_0500_jpg.rf.04d6e689867a7a1a27fababce8a59f66	valid	labels/rf100_v2_001092.txt	2	2	2
ppe_0511_jpg.rf.0fdd08758d697a939f21f3050b7640dc	valid	labels/rf100_v2_001093.txt	4	4	0
ppe_0532_jpg.rf.2fbffcc56e8a5441db5897fc7f161f91	valid	labels/rf100_v2_001094.txt	3	3	0
ppe_0533_jpg.rf.028d1d06c00b69ed4d1fe3494f7009bf	valid	labels/rf100_v2_001095.txt	4	4	0
ppe_0539_jpg.rf.337a878a2faa69e1b57e7937ea24796d	valid	labels/rf100_v2_001096.txt	1	1	1
ppe_0541_jpg.rf.d90c68b7d977ac0fed93e8da84bbcda7	valid	labels/rf100_v2_001097.txt	1	1	1
ppe_0550_jpg.rf.891041dab927cd40b7a85f6b92fb54b2	valid	labels/rf100_v2_001098.txt	1	1	0
ppe_0553_jpg.rf.b67c5f74218886e609906c3695487662	valid	labels/rf100_v2_001099.txt	3	3	3
ppe_0558_jpg.rf.7f0ad25f84f2f7020a9a413238fc1fde	valid	labels/rf100_v2_001100.txt	1	1	0
ppe_0565_jpg.rf.dd7cab85edfd46503ca47abf95e02dfe	valid	labels/rf100_v2_001101.txt	3	2	0
ppe_0566_jpg.rf.5097ac5c567bbcc87bb1ca1b8a0fbfbc	valid	labels/rf100_v2_001102.txt	1	1	0
ppe_0567_jpg.rf.ed3175bd7d4e676fa5bbc47de48e96ab	valid	labels/rf100_v2_001103.txt	1	1	1
ppe_0574_jpg.rf.b32396de3d86b9d93ac44b6c0461fbb2	valid	labels/rf100_v2_001104.txt	1	4	0
ppe_0583_jpg.rf.3e53675328127faaa94bb19337b99c64	valid	labels/rf100_v2_001105.txt	3	3	3
ppe_0585_jpg.rf.5d4f780321b7ee67d207e51eb4935eb1	valid	labels/rf100_v2_001106.txt	8	8	8
ppe_0594_jpg.rf.0be4de253aa109533ff978b132da9a31	valid	labels/rf100_v2_001107.txt	1	1	0
ppe_0595_jpg.rf.ec328dd1f083336a85e9bf55e823b475	valid	labels/rf100_v2_001108.txt	4	5	0
ppe_0596_jpg.rf.ab77559d8cc3032fc942705525907247	valid	labels/rf100_v2_001109.txt	2	2	1
ppe_0607_jpg.rf.a0ab2a39ed225ee5bf0da423d132fb13	valid	labels/rf100_v2_001110.txt	3	3	3
ppe_0609_jpg.rf.699e4da458bd64656a230584abef8308	valid	labels/rf100_v2_001111.txt	2	2	1
ppe_0621_jpg.rf.ca8575d8e05c0c63b8c7b37cae4928cd	valid	labels/rf100_v2_001112.txt	2	2	2
ppe_0624_jpg.rf.6b53d3c65751df9a628387bc7cda9a94	valid	labels/rf100_v2_001113.txt	2	2	1
ppe_0630_jpg.rf.021e25cb52dd452bea2a87364c640fa8	valid	labels/rf100_v2_001114.txt	5	5	0
ppe_0638_jpg.rf.e646666632ed8fa23b0b40ef63ae9df8	valid	labels/rf100_v2_001115.txt	2	2	1
ppe_0647_jpg.rf.f79d22f52ae30c01d142fe09e00430e3	valid	labels/rf100_v2_001116.txt	2	2	2
ppe_0000_jpg.rf.c102a9a7c8dec01565a8f95ff295974c	test	labels/rf100_v2_001117.txt	1	1	0
ppe_0004_jpg.rf.c3265071237f64a4f0c3e1bf3048f923	test	labels/rf100_v2_001118.txt	3	3	3
ppe_0008_jpg.rf.356284e8df05dcd239cb91cf53b51c83	test	labels/rf100_v2_001119.txt	4	0	4
ppe_0009_jpg.rf.68866a74a26b99495ad80bc41b7a2897	test	labels/rf100_v2_001120.txt	2	2	2
ppe_0013_jpg.rf.a88d9ccde80be57995e344d94a033f3a	test	labels/rf100_v2_001121.txt	1	1	1
ppe_0014_jpg.rf.6c486303c2cf17986ff64702b0ce0dd7	test	labels/rf100_v2_001122.txt	5	0	0
ppe_0038_jpg.rf.e542ed77414548742efb104c27af9902	test	labels/rf100_v2_001123.txt	4	4	4
ppe_0058_jpg.rf.84cb45b7fd43e7d22539f84f0e47973d	test	labels/rf100_v2_001124.txt	2	2	2
ppe_0094_jpg.rf.2ebbd84d81f01276e02fdd6b037ca607	test	labels/rf100_v2_001125.txt	1	1	1
ppe_0104_jpg.rf.36f0fdcaa15cdc7277b6d67e334e43b5	test	labels/rf100_v2_001126.txt	1	1	0
ppe_0106_jpg.rf.752748aaf2e3cbadb20de2c0d096b1e6	test	labels/rf100_v2_001127.txt	1	2	0
ppe_0119_jpg.rf.98b69590b2c706caa2f00f837c07a8cf	test	labels/rf100_v2_001128.txt	4	2	3
ppe_0120_jpg.rf.93b1c19890b052a7df3b9d60c1de8a78	test	labels/rf100_v2_001129.txt	1	1	0
ppe_0126_jpg.rf.d2bf41dfae33fc93238f1e592801f61a	test	labels/rf100_v2_001130.txt	1	1	0
ppe_0133_jpg.rf.c506a028a602fb6b2dfc1d61287f79cd	test	labels/rf100_v2_001131.txt	4	0	0
ppe_0139_jpg.rf.18e36dc211ea77c46e230ffc30583593	test	labels/rf100_v2_001132.txt	1	1	1
ppe_0147_jpg.rf.8a7a1e9712e2bf97e44d949e5f412b3f	test	labels/rf100_v2_001133.txt	4	3	0
ppe_0158_jpg.rf.64455129b10a530c58b369de8c65ab1c	test	labels/rf100_v2_001134.txt	2	2	2
ppe_0171_jpg.rf.935ec637fde3bc3f4a1a686f58b63310	test	labels/rf100_v2_001135.txt	2	2	0
ppe_0175_jpg.rf.da533bc3a4d1706be31e99cb9316c820	test	labels/rf100_v2_001136.txt	1	1	1
ppe_0186_jpg.rf.6f010dd7a22e5eacfca51554261fd851	test	labels/rf100_v2_001137.txt	2	2	2
ppe_0204_jpg.rf.26acf558e9d4da5bd2d8fe2603d456fd	test	labels/rf100_v2_001138.txt	1	1	0
ppe_0222_jpg.rf.48cf760f38ac9fdc080ab2f4b43e2134	test	labels/rf100_v2_001139.txt	3	3	3
ppe_0224_jpg.rf.c84b0a8b8b9fec0518fce399604f3f54	test	labels/rf100_v2_001140.txt	1	1	0
ppe_0235_jpg.rf.73c98d6fdb6784f90787b5ed4de24cb9	test	labels/rf100_v2_001141.txt	1	1	1
ppe_0258_jpg.rf.1b000026d30ad277709e88cd08e32f32	test	labels/rf100_v2_001142.txt	3	3	0
ppe_0261_jpg.rf.8caa7379ede499434b241d137dfd2407	test	labels/rf100_v2_001143.txt	6	6	6
ppe_0265_jpg.rf.baa86c48ef4df03c203e9693fa0a3102	test	labels/rf100_v2_001144.txt	4	2	1
ppe_0298_jpg.rf.502b66d738cdbf8a949dcd4695a31aae	test	labels/rf100_v2_001145.txt	1	1	1
ppe_0305_jpg.rf.c1a50708791eafa53212e3212736ea09	test	labels/rf100_v2_001146.txt	3	3	3
ppe_0309_jpg.rf.fdb61a90269ac6dc68cc0b4b063754ad	test	labels/rf100_v2_001147.txt	1	1	1
ppe_0337_jpg.rf.bcd3e3e777f02088c1b246ec1cf07224	test	labels/rf100_v2_001148.txt	2	2	2
ppe_0342_jpg.rf.c4d8a59657099368753908dd2c273ec1	test	labels/rf100_v2_001149.txt	4	4	4
ppe_0347_jpg.rf.036f8950503299b27a99b8b87d79b272	test	labels/rf100_v2_001150.txt	1	1	1
ppe_0354_jpg.rf.4d39b28134d7b9bbc825b0f1c07d09d0	test	labels/rf100_v2_001151.txt	2	2	2
ppe_0357_jpg.rf.aec0f5d22284f4d174ba7fc228fc090f	test	labels/rf100_v2_001152.txt	11	9	0
ppe_0367_jpg.rf.3c4bbe3bf4e6d0f9f6fd5350a04ec803	test	labels/rf100_v2_001153.txt	1	1	1
ppe_0388_jpg.rf.20522321df54a5c98a9a3ca058c9561a	test	labels/rf100_v2_001154.txt	4	4	3
ppe_0402_jpg.rf.2832f4d3074719f720971ec1d656d673	test	labels/rf100_v2_001155.txt	1	1	0
ppe_0403_jpg.rf.67752e0d922d8e2d18134a70cae5b248	test	labels/rf100_v2_001156.txt	1	1	0
ppe_0408_jpg.rf.67b7fcc30b2f67ecb3e3e4f594e766e1	test	labels/rf100_v2_001157.txt	3	3	3
ppe_0413_jpg.rf.b68283e9cb8c6f2b034e5ca2dd6c578b	test	labels/rf100_v2_001158.txt	1	1	1
ppe_0414_jpg.rf.a04cce738355e01fd3f59daa3dc52748	test	labels/rf100_v2_001159.txt	2	2	2
ppe_0421_jpg.rf.ee0f6c59d81301188a3af37f65bb1037	test	labels/rf100_v2_001160.txt	1	1	0
ppe_0451_jpg.rf.784ba4888d5222c8846ff12f2eb0f15d	test	labels/rf100_v2_001161.txt	1	1	0
ppe_0455_jpg.rf.0512d5383b1ba3d2c3fcdc695e4098da	test	labels/rf100_v2_001162.txt	1	1	1
ppe_0464_jpg.rf.fa5004a5493d3e078f78f66322df62fc	test	labels/rf100_v2_001163.txt	1	1	0
ppe_0498_jpg.rf.71b757dc22a63adfea6b7a8280ed7e65	test	labels/rf100_v2_001164.txt	3	3	3
ppe_0517_jpg.rf.1b692b5fbf1a766bd6553f2ceba591f9	test	labels/rf100_v2_001165.txt	4	3	0
ppe_0544_jpg.rf.625c7655eb6481f24d071e69babb29e4	test	labels/rf100_v2_001166.txt	1	1	1
ppe_0545_jpg.rf.2e8b96a549eee815c103a24309f97f9e	test	labels/rf100_v2_001167.txt	3	3	3
ppe_0548_jpg.rf.e6d619c737056efaa07fc9c2f7404d4d	test	labels/rf100_v2_001168.txt	1	1	1
ppe_0551_jpg.rf.352a215752dd4dce1159f79e3de5c7a5	test	labels/rf100_v2_001169.txt	1	1	0
ppe_0575_jpg.rf.2c14bee1a75751b12a17ff7d0ea04108	test	labels/rf100_v2_001170.txt	4	4	0
ppe_0576_jpg.rf.8539c936393d8af7dd7ed1bfa8c7ac2e	test	labels/rf100_v2_001171.txt	2	1	0
ppe_0577_jpg.rf.7af645dfa8407110781b0e7056aa82e2	test	labels/rf100_v2_001172.txt	7	7	7
ppe_0591_jpg.rf.1098201fbaceccfd81b211551aaad7d7	test	labels/rf100_v2_001173.txt	2	1	0
ppe_0599_jpg.rf.e6ae5c607370fbdb7820b9fe78b1ecfb	test	labels/rf100_v2_001174.txt	5	2	0
ppe_0601_jpg.rf.39f6ac776564da2b71742f08e1275ec9	test	labels/rf100_v2_001175.txt	2	2	2
ppe_0605_jpg.rf.2d65b118bf176c6d2d94705ff667c046	test	labels/rf100_v2_001176.txt	1	1	0
ppe_0612_jpg.rf.bc62110256b756c6c5d4c196d5c4ba60	test	labels/rf100_v2_001177.txt	2	2	1
ppe_0629_jpg.rf.76d512b8adc8401280b321a13582eac1	test	labels/rf100_v2_001178.txt	2	2	0
ppe_0633_jpg.rf.11d5c49e73a7620789b756dac8afe114	test	labels/rf100_v2_001179.txt	3	2	2
ppe_0637_jpg.rf.21e0bbc04d95fd113e7cdb2aca08d82c	test	labels/rf100_v2_001180.txt	3	2	0
ppe_0643_jpg.rf.6b755656f06d1c149b1a749a4e1f4404	test	labels/rf100_v2_001181.txt	3	3	3
ppe_0648_jpg.rf.c6634b54d9cf8045324354ea98b9b3ac	test	labels/rf100_v2_001182.txt	5	5	5
ppe_0675_jpg.rf.91366f17b1bd051efb0abd9c233aa306	test	labels/rf100_v2_001183.txt	9	11	1
ppe_0691_jpg.rf.2dfaabb7b9981a72fcce8ff31695e872	test	labels/rf100_v2_001184.txt	2	1	0
ppe_0701_jpg.rf.f10cb92b69ba499fd8d8274338de6cda	test	labels/rf100_v2_001185.txt	4	0	4
ppe_0713_jpg.rf.bd139deea26d0fe98fb582a01df776b3	test	labels/rf100_v2_001186.txt	3	3	2
ppe_0718_jpg.rf.a992564fd6bff0cc53f7f353bc58cfbb	test	labels/rf100_v2_001187.txt	3	3	3
ppe_0720_jpg.rf.45d95968e5c545a0e1e81d6bfd0be53d	test	labels/rf100_v2_001188.txt	11	13	12
ppe_0744_jpg.rf.92b6fed7f99173334155b7d084e37687	test	labels/rf100_v2_001189.txt	2	2	2
ppe_0745_jpg.rf.b25327240dc5bb2b5be0dcac046ef279	test	labels/rf100_v2_001190.txt	2	1	1
ppe_0755_jpg.rf.067ba0a13c3eb5b574fde8cee81ea009	test	labels/rf100_v2_001191.txt	3	3	1
ppe_0764_jpg.rf.43dff5fd006159c61ce42b458ba1c495	test	labels/rf100_v2_001192.txt	2	2	2
ppe_0769_jpg.rf.3119c8ad4131d0eb111fd3564069eb71	test	labels/rf100_v2_001193.txt	2	2	2
ppe_0779_jpg.rf.c1cb7ce6c2c25a30656fabc348fb371a	test	labels/rf100_v2_001194.txt	1	1	1
ppe_0781_jpg.rf.1bb617c30325f2cc4f8012b7f4c5c681	test	labels/rf100_v2_001195.txt	0	3	3
ppe_0785_jpg.rf.ebb732210f6c13740be62af70ca7f74f	test	labels/rf100_v2_001196.txt	3	3	3
ppe_0803_jpg.rf.dc1139dec042ffff6c0bd867366b4413	test	labels/rf100_v2_001197.txt	5	5	0
ppe_0828_jpg.rf.92bb47210568f2dc6a832bd510abd1da	test	labels/rf100_v2_001198.txt	2	2	2
ppe_0857_jpg.rf.be55425cdc63c97a6c0f5f9650266d30	test	labels/rf100_v2_001199.txt	7	7	0
ppe_0872_jpg.rf.c509a3792a934b4db8b20d2be884c187	test	labels/rf100_v2_001200.txt	6	5	2
ppe_0882_jpg.rf.9072e687479fb8eb4dc5187d01742022	test	labels/rf100_v2_001201.txt	2	2	1
ppe_0901_jpg.rf.9ea13ee7477da3389663fd101c36124a	test	labels/rf100_v2_001202.txt	0	1	2
ppe_0904_jpg.rf.18467acf30e97112a3368f0c011f643a	test	labels/rf100_v2_001203.txt	5	3	4
ppe_0915_jpg.rf.0f85fdd8ffc70f6dd305355fd29f7cf2	test	labels/rf100_v2_001204.txt	3	3	3
ppe_0920_jpg.rf.af045fa8a3381b13a661412630c19852	test	labels/rf100_v2_001205.txt	4	4	1
ppe_0921_jpg.rf.20cac6a759499fb2397ba49f8661241b	test	labels/rf100_v2_001206.txt	3	4	4
